,token
0,AZ-1fYag
1,AZ-1rcG1
2,AZ-1woVE
3,AZ-5PN-P
4,AZ-5P_R6
5,AZ-5_3Yv
6,AZ-5_sp9
7,AZ-5c5Zy
8,AZ-5daTR
9,AZ-5fw28
10,AZ-5u8ag
11,AZ-5uNgl
12,AZ-99GjF
13,AZ-9MLUS
14,AZ-9_xDf
15,AZ-9drji
16,AZ-9k8DM
17,AZ-9u1_J
18,AZ-9uPCU
19,AZ-B-lHg
20,AZ-B0CJy
21,AZ-BRSSX
22,AZ-B_8qt
23,AZ-Bfx3T
24,AZ-FhMfM
25,AZ-FzGi-
26,AZ-JMVcx
27,AZ-Jjfzd
28,AZ-JyHkq
29,AZ-N-v5T
30,AZ-NvJ2a
31,AZ-NxF3Y
32,AZ-R96Zp
33,AZ-RRsN6
34,AZ-RdBRz
35,AZ-RfRl7
36,AZ-VfYO7
37,AZ-VfuZq
38,AZ-ZNE06
39,AZ-ZgxNk
40,AZ-ZuFDk
41,AZ-ZuThi
42,AZ-Zzimf
43,AZ-d-9bh
44,AZ-dsN8A
45,AZ-hdMJO
46,AZ-hdkNR
47,AZ-huqYq
48,AZ-l-sfF
49,AZ-l7LaS
50,AZ-lPOOu
51,AZ-libpv
52,AZ-lt7w-
53,AZ-lurVz
54,AZ-lwKQh
55,AZ-pBHgr
56,AZ-pQTP3
57,AZ-p_L67
58,AZ-pefUv
59,AZ-pvL6U
60,AZ-tMk6w
61,AZ-tgGzH
62,AZ-x0twe
63,AZ-xTp3J
64,AZ-xeawJ
65,AZ-xkPKN
66,AZ-xtufe
67,AZ05Or7K
68,AZ0V1tZx
69,AZ0ghv9T
70,AZ0lEKbL
71,AZ1FPabM
72,AZ1cQ4GI
73,AZ4l9HQi
74,AZ6BOzou
75,AZ71Chgb
76,AZ75y8HH
77,AZ88OdiU
78,AZ8BlGDp
79,AZ8hlaHh
80,AZ8lkBaX
81,AZ95-Dpu
82,AZ958PTK
83,AZ999OTt
84,AZ99NhQb
85,AZ99eOO1
86,AZ9BNezS
87,AZ9Bt0nW
88,AZ9FtXcl
89,AZ9JrRSZ
90,AZ9NPHK6
91,AZ9VOlnK
92,AZ9ZNK_b
93,AZ9ZNN-I
94,AZ9ZOu_Z
95,AZ9ZvXEb
96,AZ9cUXzi
97,AZ9d-LIO
98,AZ9ddQ4r
99,AZ9gyd7F
100,AZ9h-EmI
101,AZ9h_O5g
102,AZ9hdfPl
103,AZ9he_KH
104,AZ9hvo5F
105,AZ9l_NJ0
106,AZ9tLppA
107,AZ9tOC4g
108,AZ9tegS4
109,AZA-6lRz
110,AZA-D_mF
111,AZA-H2y0
112,AZA-KLgY
113,AZA-TYAt
114,AZA-UQdA
115,AZA-X61g
116,AZA-kUHe
117,AZA-ys_w
118,AZA200aV
119,AZA2YGnj
120,AZA2ZLf6
121,AZA2ev1R
122,AZA2hgaw
123,AZA2mT6W
124,AZA2pQBm
125,AZA64K0r
126,AZA6GM5N
127,AZA6H2ql
128,AZA6HOBK
129,AZA6NLFQ
130,AZA6TpGU
131,AZA6mDn4
132,AZACG9nj
133,AZACMJ5g
134,AZACWNbf
135,AZACcKsn
136,AZACkiPt
137,AZAG1u8_
138,AZAG4_0l
139,AZAGUrP_
140,AZAGjVMx
141,AZAGjXjl
142,AZAK0RJh
143,AZAKhMYc
144,AZAOTP_f
145,AZAOUAM8
146,AZAOWjv0
147,AZAOnGZl
148,AZAOr56p
149,AZAOzTjL
150,AZAS6Ioc
151,AZASHI4I
152,AZASKiYy
153,AZASSg5o
154,AZAW56_x
155,AZAWNPni
156,AZAWao-c
157,AZAWi_kJ
158,AZAWm2qc
159,AZAWz8Ng
160,AZAa3xDr
161,AZAaCRlX
162,AZAaRkbs
163,AZAaih4O
164,AZAajcjq
165,AZAalFrI
166,AZAap3ka
167,AZAeD6EM
168,AZAeWiG6
169,AZAeq5-B
170,AZAequOv
171,AZAerNpt
172,AZAiDh14
173,AZAiHD9Y
174,AZAiLVcU
175,AZAiV0yL
176,AZAiXsn0
177,AZAiakdq
178,AZAm2jOG
179,AZAmjIgc
180,AZAmoS2Y
181,AZAmyarD
182,AZAq5TH7
183,AZAqDSW9
184,AZAqFQNh
185,AZAqJqTU
186,AZAqWwoU
187,AZAqpmpm
188,AZAqxucu
189,AZAu0Njj
190,AZAu2XSl
191,AZAuAikg
192,AZAuGfdJ
193,AZAuTOBw
194,AZAuVtm3
195,AZAuWg3V
196,AZAulqrt
197,AZAuoLVE
198,AZAyDuOR
199,AZAyJuEN
200,AZAyVKvd
201,AZAyqHnd
202,AZAyyvin
203,AZB-JyVd
204,AZB-L2FJ
205,AZB-WFTQ
206,AZB-aoR_
207,AZB22xhD
208,AZB27Zot
209,AZB28I0B
210,AZB2VOXs
211,AZB2Z2gA
212,AZB2ZwMs
213,AZB2_Klm
214,AZB2lT5d
215,AZB6-rNm
216,AZB6a1Qi
217,AZB6frX3
218,AZB6l1ei
219,AZB6rsqx
220,AZBC437p
221,AZBC9ktJ
222,AZBCteKn
223,AZBGKDaH
224,AZBGO6IQ
225,AZBGZ7PH
226,AZBGnA_s
227,AZBKLckj
228,AZBKO-sT
229,AZBK_PM9
230,AZBKe6dB
231,AZBKf-Yt
232,AZBKqo4Z
233,AZBO43AT
234,AZBO9XvH
235,AZBOHwe8
236,AZBOLH91
237,AZBOYl-d
238,AZBO_7qP
239,AZBOan27
240,AZBOr-IW
241,AZBOwa0E
242,AZBSqAWH
243,AZBSqtKg
244,AZBW-azU
245,AZBWF2Zr
246,AZBWK-Im
247,AZBWMFhR
248,AZBWbLwz
249,AZBWc6zV
250,AZBWfDUA
251,AZBWn6Pd
252,AZBWp-ae
253,AZBWsqeG
254,AZBa4LoV
255,AZBa4N6F
256,AZBa5lHH
257,AZBanBS3
258,AZBeN6_2
259,AZBeYbeF
260,AZBedQCE
261,AZBeqkCK
262,AZBerPXY
263,AZBi7Tzp
264,AZBiI3Va
265,AZBiLK9B
266,AZBiYHIC
267,AZBic6SE
268,AZBmLSTc
269,AZBmN_cT
270,AZBmaH53
271,AZBqYR7T
272,AZBqZ5K3
273,AZBqnAsF
274,AZBqqZz8
275,AZBqtgPK
276,AZBu6S18
277,AZBuLZDO
278,AZBuO42M
279,AZBurzG0
280,AZBy9q6c
281,AZByN20G
282,AZBy_V-i
283,AZBycTI2
284,AZBynTT-
285,AZByoM1F
286,AZByss5v
287,AZBytVQ6
288,AZC-DSOr
289,AZC-QJyW
290,AZC-vend
291,AZC-ywWN
292,AZC2AnTw
293,AZC2O0yH
294,AZC2cj0o
295,AZCC8hoU
296,AZCCNbzq
297,AZCCNq6j
298,AZCCP7jf
299,AZCCtvZk
300,AZCGYpdx
301,AZCGffaW
302,AZCK-gQ5
303,AZCKQplg
304,AZCKedHL
305,AZCKs38w
306,AZCOO6f_
307,AZCOOfgu
308,AZCO_Vn9
309,AZCOdBkl
310,AZCOeFog
311,AZCOsSiE
312,AZCSOp3x
313,AZCSvftQ
314,AZCWrKZk
315,AZCWvYUq
316,AZCa-Gu-
317,AZCaP6Sx
318,AZCaSeUK
319,AZCaT8Yl
320,AZCadPCd
321,AZCau9NQ
322,AZCe8zfK
323,AZCe9lxB
324,AZCe_Vdc
325,AZCevt3b
326,AZCiBuSb
327,AZCivEN3
328,AZCmNPpL
329,AZCm_lL7
330,AZCmvnkx
331,AZCq9ODe
332,AZCuFwpf
333,AZCusic-
334,AZCyNKLh
335,AZCy_daz
336,AZCycUfm
337,AZCyvOL2
338,AZCywb3J
339,AZD-AGF9
340,AZD-ARVi
341,AZD-IjNl
342,AZD-OeYj
343,AZD-xIVC
344,AZD24hzW
345,AZD2BA1S
346,AZD2U8V4
347,AZD6g7nS
348,AZD6gWeW
349,AZD6xMzw
350,AZD6zxR0
351,AZDC08iM
352,AZDCCn02
353,AZDCj1Ay
354,AZDG1vih
355,AZDG36nA
356,AZDGBN5I
357,AZDGXW1Y
358,AZDKTCkQ
359,AZDKkecl
360,AZDODWsm
361,AZDOTLO4
362,AZDOd4Xq
363,AZDOk50k
364,AZDOv4gs
365,AZDS0A15
366,AZDSY8Q9
367,AZDWK2lQ
368,AZDWWmj_
369,AZDWk8ql
370,AZDamypF
371,AZDanNW3
372,AZDeO2Og
373,AZDeQ1C_
374,AZDeRnAw
375,AZDi3uyE
376,AZDiBo5r
377,AZDiBx_-
378,AZDiCIj3
379,AZDiFbWV
380,AZDihgZn
381,AZDmSIDd
382,AZDmyjbH
383,AZDqBSpA
384,AZDqV-GK
385,AZDu1cnH
386,AZDuD2QN
387,AZDuEI63
388,AZDuZSSo
389,AZDuZzzu
390,AZDuaDop
391,AZDuh1WC
392,AZDuyeU6
393,AZDyDQC4
394,AZDyFh3F
395,AZDyQzyl
396,AZDyRCrd
397,AZDygaJw
398,AZDyjZGi
399,AZDyzp3F
400,AZE-2oxM
401,AZE-Shui
402,AZE-UHFG
403,AZE-VsxQ
404,AZE-x39C
405,AZE-yJwY
406,AZE20R1K
407,AZE20ymk
408,AZE268Gu
409,AZE2CNqw
410,AZE2ESCu
411,AZE2S0kd
412,AZE2jZm1
413,AZE2mrQz
414,AZE2xqgv
415,AZE2zfh6
416,AZE6B2wX
417,AZE6L6X0
418,AZE6SnQL
419,AZE6a2HC
420,AZE6oz9L
421,AZE6pOPv
422,AZE6s5Yr
423,AZE6wrzf
424,AZECCmK1
425,AZECEjEr
426,AZECEthU
427,AZECQEvG
428,AZECT9RD
429,AZECby0F
430,AZECtj2U
431,AZECx1rd
432,AZECxQLt
433,AZECyewd
434,AZEG2f2S
435,AZEG3VO9
436,AZEG6hzJ
437,AZEGEzpT
438,AZEGFIEf
439,AZEGIA9l
440,AZEGKpFj
441,AZEGViI9
442,AZEGXuAK
443,AZEGkQ9G
444,AZEK6BBF
445,AZEK6r_g
446,AZEKCOTY
447,AZEKEAVV
448,AZEKNJy2
449,AZEKRdWB
450,AZEKWaNN
451,AZEKh0-b
452,AZEKhKZZ
453,AZEKhlkJ
454,AZEKmW3A
455,AZEKxMM5
456,AZEO317l
457,AZEOHOcC
458,AZEOgP1V
459,AZEOhb68
460,AZEOjBwb
461,AZEOn6VK
462,AZEOp4wC
463,AZESYPO7
464,AZEShpgv
465,AZESjTBU
466,AZESjp67
467,AZEW2NBN
468,AZEW7pVm
469,AZEWKxLq
470,AZEWNp1y
471,AZEWSAKJ
472,AZEWkPmA
473,AZEWxCRz
474,AZEWz5Vr
475,AZEa28Yj
476,AZEaGV-v
477,AZEaMP2Z
478,AZEaUq9p
479,AZEaeA_H
480,AZEafTNA
481,AZEahfun
482,AZEazFWg
483,AZEe0nnx
484,AZEe46tv
485,AZEeUJTp
486,AZEeUnO8
487,AZEex0bt
488,AZEi4_6B
489,AZEi52aw
490,AZEiPNUB
491,AZEiRT8g
492,AZEiUANd
493,AZEiW7tR
494,AZEijC7B
495,AZEimf7r
496,AZEisEzq
497,AZEitkAa
498,AZEixmKB
499,AZEm9ni3
500,AZEmB9Rk
501,AZEmKa8d
502,AZEmN8YH
503,AZEmVV1K
504,AZEmhmjM
505,AZEmhvdA
506,AZEmlv5V
507,AZEmy0X7
508,AZEq-nc4
509,AZEq5uX8
510,AZEqDOMY
511,AZEqGTCm
512,AZEqGWXR
513,AZEqNyxV
514,AZEqVGrP
515,AZEqXE3B
516,AZEqZQy0
517,AZEqbCf4
518,AZEqm34q
519,AZEqyUhd
520,AZEuJVPl
521,AZEuT5ig
522,AZEuYFIj
523,AZEumM3_
524,AZEuox0o
525,AZEy5zc7
526,AZEy7uJW
527,AZEyTRr9
528,AZEyXhZf
529,AZEyZ9FI
530,AZEyngXT
531,AZEyyXk6
532,AZF-E3q5
533,AZF-YYR8
534,AZF-YoHv
535,AZF-ZxP_
536,AZF-_fUv
537,AZF-b95c
538,AZF-oXHN
539,AZF-pl1a
540,AZF23bF8
541,AZF2Z1Wk
542,AZF2asTi
543,AZF2l7GM
544,AZF2n3du
545,AZF2o0Pb
546,AZF6KFdF
547,AZF6O7Yf
548,AZF6WHTd
549,AZF6Xjsy
550,AZF6kNwX
551,AZF6sn3b
552,AZFC597p
553,AZFC9Vab
554,AZFCLhEQ
555,AZFCS6HD
556,AZFCZnYp
557,AZFCbRpH
558,AZFCu6Ba
559,AZFGZanL
560,AZFGeMtP
561,AZFGeidO
562,AZFGmb1E
563,AZFK63u5
564,AZFK6Pu4
565,AZFKJcLX
566,AZFKYvZC
567,AZFKouPU
568,AZFO6KLP
569,AZFOPi4H
570,AZFOWURm
571,AZFOZI3k
572,AZFOajMe
573,AZFOhdmU
574,AZFOp1sh
575,AZFOr3i7
576,AZFOs3f-
577,AZFOt1Uk
578,AZFOxJ_F
579,AZFS3348
580,AZFS41By
581,AZFS5xV2
582,AZFSGAbN
583,AZFSHwSh
584,AZFSUw0Z
585,AZFSbv_3
586,AZFSfC4P
587,AZFSnVaL
588,AZFSqQGx
589,AZFSq_iD
590,AZFW4Asm
591,AZFW7Ac-
592,AZFW89cK
593,AZFWKs5b
594,AZFWnwSX
595,AZFWrxmi
596,AZFWsjbL
597,AZFa8Ng5
598,AZFaY1uj
599,AZFaY569
600,AZFaZ05d
601,AZFadHSn
602,AZFatL4o
603,AZFeJcek
604,AZFeW6kV
605,AZFeX5tE
606,AZFeZgAL
607,AZFebSRa
608,AZFi-LE8
609,AZFi-sSH
610,AZFi3tZ9
611,AZFi8t0r
612,AZFiPF3Z
613,AZFiWRpz
614,AZFinGFV
615,AZFioj9G
616,AZFm4hp_
617,AZFmGWrH
618,AZFmL-x9
619,AZFmPuXq
620,AZFmpeCi
621,AZFmqP3z
622,AZFms6j1
623,AZFmtp4d
624,AZFmuFI5
625,AZFq2FRR
626,AZFq3JNc
627,AZFq4l5j
628,AZFq7rR8
629,AZFq8nq1
630,AZFqUDWZ
631,AZFqbeRu
632,AZFqc4NW
633,AZFqte0J
634,AZFquQ-J
635,AZFuHkkH
636,AZFungNv
637,AZFuv1Ur
638,AZFy8dtQ
639,AZFyIz-v
640,AZFyJGQa
641,AZFyJSTp
642,AZFyLT2A
643,AZFyLzTB
644,AZFyVCf3
645,AZFyXgkv
646,AZFy_IB2
647,AZFybt3G
648,AZG-F7OD
649,AZG-L3lh
650,AZG-Ojng
651,AZG-biri
652,AZG-s664
653,AZG28Sni
654,AZG2HGqm
655,AZG2f1IZ
656,AZG2h2e0
657,AZG65cxm
658,AZG69AkU
659,AZG6P9xJ
660,AZG6afph
661,AZG6cuKn
662,AZG6rxbv
663,AZGC7_5I
664,AZGCRpU9
665,AZGCkajb
666,AZGCtlYn
667,AZGG1fdE
668,AZGG7oZ3
669,AZGGCccO
670,AZGGdqPX
671,AZGJUFa2
672,AZGK0l_a
673,AZGK7jEX
674,AZGK8IN6
675,AZGKA0-Y
676,AZGKA76M
677,AZGKLVTr
678,AZGKMmW8
679,AZGKNVrj
680,AZGKdtsd
681,AZGKf8cv
682,AZGKt8Tn
683,AZGKvrSA
684,AZGOAuvb
685,AZGOChZD
686,AZGOPLMv
687,AZGOPMy0
688,AZGOVPam
689,AZGOaf7U
690,AZGOefLI
691,AZGOuuJS
692,AZGOv5YR
693,AZGOxuMn
694,AZGOyfHk
695,AZGS_pe0
696,AZGStjW7
697,AZGW-JSp
698,AZGWPIzV
699,AZGWqu-9
700,AZGa7ben
701,AZGaCDVu
702,AZGaQlzB
703,AZGebXpj
704,AZGerERc
705,AZGiMRpT
706,AZGiOZ_B
707,AZGibfHj
708,AZGid77G
709,AZGifhCL
710,AZGis8nE
711,AZGitkVZ
712,AZGm57r6
713,AZGmBJqK
714,AZGmLR5C
715,AZGmaVxY
716,AZGmdNkT
717,AZGmfpcE
718,AZGmsvLi
719,AZGmzI0M
720,AZGq8pX6
721,AZGq_miz
722,AZGqbnrQ
723,AZGqsz-I
724,AZGqvRXI
725,AZGuAhIJ
726,AZGuMBe2
727,AZGuQwAd
728,AZGuSBHL
729,AZGusr9_
730,AZGuy82S
731,AZGy0F6o
732,AZGy62H1
733,AZGyZXLZ
734,AZGyblDA
735,AZGyczKJ
736,AZGyd5w5
737,AZH-Buje
738,AZH-FXEl
739,AZH-UGaK
740,AZH-hg7N
741,AZH-y421
742,AZH2Jom6
743,AZH2P4qA
744,AZH2R0oi
745,AZH2vDza
746,AZH2wpeE
747,AZH54_99
748,AZH60wtK
749,AZH6DZXa
750,AZH6T3BG
751,AZH6X5Sy
752,AZH6gOYK
753,AZHCAw4I
754,AZHCAw7p
755,AZHCJIn1
756,AZHCxv97
757,AZHG-x7Y
758,AZHGB5Rp
759,AZHGJIv4
760,AZHGQiKe
761,AZHGUh8e
762,AZHGassP
763,AZHGgJli
764,AZHKDKxF
765,AZHKDp4g
766,AZHKUyVd
767,AZHKWuwn
768,AZHKzjyZ
769,AZHOE9w2
770,AZHOQhlX
771,AZHOWaFe
772,AZHOmjK2
773,AZHSAFWx
774,AZHSBrJ0
775,AZHSPOOP
776,AZHSThHl
777,AZHW0HK1
778,AZHW1OKT
779,AZHW2wz6
780,AZHW52VH
781,AZHWZFYY
782,AZHWlViH
783,AZHaEYAz
784,AZHaFO7s
785,AZHaSmtI
786,AZHe0U9d
787,AZHeStiK
788,AZHeiEAd
789,AZHelHaS
790,AZHiB4e3
791,AZHiRRYp
792,AZHiTWzP
793,AZHiUZ2V
794,AZHme174
795,AZHmjzd9
796,AZHmmudB
797,AZHqAFme
798,AZHqSwGX
799,AZHqYoEv
800,AZHqyIKM
801,AZHuj_YN
802,AZHujqgs
803,AZHyGxmK
804,AZHyiiDf
805,AZHyijvj
806,AZHyxsr3
807,AZI-2Xeh
808,AZI-6zCE
809,AZI-IRey
810,AZI-ZM56
811,AZI-iLvj
812,AZI2-u0G
813,AZI2D_Xj
814,AZI2E4QQ
815,AZI2htym
816,AZI2iS6L
817,AZI2z9Ay
818,AZI60Ezn
819,AZI6L8fl
820,AZI6j6qx
821,AZI6k5eM
822,AZI6osd4
823,AZIC3Fjr
824,AZIC55K5
825,AZIC8uqs
826,AZICLAZW
827,AZICLe07
828,AZICZ8rU
829,AZICcTAF
830,AZICgOAr
831,AZICzfBF
832,AZIG68ZP
833,AZIGE-kq
834,AZIGdocB
835,AZIGhSwI
836,AZIGjIXu
837,AZIGo4Ib
838,AZIGz4oW
839,AZIKG3QA
840,AZIKTRyV
841,AZIKiM6f
842,AZIKsNU3
843,AZIO0qCB
844,AZIOH0NA
845,AZIOJLnI
846,AZIORWN7
847,AZIS13Aj
848,AZIS1tlu
849,AZIS6xbn
850,AZISBHTv
851,AZISCMko
852,AZISCjyE
853,AZISWPEH
854,AZISXxYI
855,AZISYj1_
856,AZISiAx7
857,AZISnuu-
858,AZIWCHwn
859,AZIWGQsi
860,AZIWUh2o
861,AZIWkXDK
862,AZIWo-Yh
863,AZIWwMQw
864,AZIWzShv
865,AZIa63s8
866,AZIaYehZ
867,AZIaguoe
868,AZIahJ_2
869,AZIe0Sbr
870,AZIe3kQM
871,AZIeGg4X
872,AZIel6Og
873,AZIemU3D
874,AZIewv0K
875,AZIexv3o
876,AZIi0Ixa
877,AZIiBM0z
878,AZIiR2z_
879,AZIiSgnx
880,AZIiTlvZ
881,AZIi_925
882,AZIiiSD4
883,AZImUjPZ
884,AZImgQh-
885,AZImnQ1X
886,AZImz9qZ
887,AZIq5LNO
888,AZIqSGPK
889,AZIqjSUN
890,AZIu19ju
891,AZIuAoiW
892,AZIuKEhL
893,AZIuZ2bR
894,AZIuZULk
895,AZIuiKLG
896,AZIuig3M
897,AZIunah0
898,AZIyDH5n
899,AZIyTo5z
900,AZIymftT
901,AZIyof-X
902,AZJ-GD72
903,AZJ-aj-F
904,AZJ-mw-O
905,AZJ-ql06
906,AZJ-vpLA
907,AZJ2prlh
908,AZJ67a0F
909,AZJ68LEs
910,AZJ6FOjH
911,AZJ6YAQ-
912,AZJC8lYi
913,AZJC_Nrx
914,AZJG83Qo
915,AZJG9FAq
916,AZJGYht8
917,AZJGnKY0
918,AZJGt9dg
919,AZJK44P0
920,AZJK80iB
921,AZJK9oqA
922,AZJKI2DX
923,AZJKNswk
924,AZJKaQqB
925,AZJKbNUE
926,AZJKfBsX
927,AZJOPJHX
928,AZJOiRIV
929,AZJOoLQ9
930,AZJOpPeK
931,AZJOpU_r
932,AZJS3RJ6
933,AZJS8-oi
934,AZJSWt-E
935,AZJSe3wR
936,AZJSlztx
937,AZJWACbV
938,AZJWYhNK
939,AZJWbLU0
940,AZJasI56
941,AZJeONKi
942,AZJeYgKm
943,AZJelF1c
944,AZJi4PGQ
945,AZJiJcAF
946,AZJiNfjD
947,AZJiWUdM
948,AZJieowu
949,AZJiniiO
950,AZJm2ykX
951,AZJm3kRN
952,AZJm6urr
953,AZJm9jfK
954,AZJmM1x0
955,AZJmOvdX
956,AZJmUFdC
957,AZJmVCqx
958,AZJmYifA
959,AZJmZG38
960,AZJmcp_7
961,AZJmsz7U
962,AZJq0WcT
963,AZJq8L0J
964,AZJqIc0x
965,AZJqae1z
966,AZJqer9w
967,AZJqmRZP
968,AZJuX9-m
969,AZJuneDC
970,AZJyIFEj
971,AZK--iR_
972,AZK29RRG
973,AZK2UGQl
974,AZK2mPdc
975,AZK2s0mB
976,AZK5D6DX
977,AZK6KVRB
978,AZK6MVRm
979,AZK6ZEtT
980,AZKC-HsL
981,AZKCcq8k
982,AZKCpLRV
983,AZKG-JJs
984,AZKG30G0
985,AZKG9DCr
986,AZKGNewq
987,AZKGQbyA
988,AZKGcshx
989,AZKKfN-r
990,AZKO9Xpa
991,AZKOafdI
992,AZKOcnOz
993,AZKOywX5
994,AZKSA2Y3
995,AZKS_1cx
996,AZKW85vT
997,AZKWQFuM
998,AZKWS_wM
999,AZKWe0BE
1000,AZKWhXaw
1001,AZKWi2w7
1002,AZKWsOIB
1003,AZKWusek
1004,AZKa7d7r
1005,AZKau2YE
1006,AZKawR13
1007,AZKeCMyM
1008,AZKeLvz9
1009,AZKecFB6
1010,AZKiOjMY
1011,AZKie81B
1012,AZKm9PFj
1013,AZKmF3L7
1014,AZKqCAOu
1015,AZKqMjOr
1016,AZKqPMGj
1017,AZKq_pz5
1018,AZKqgwIU
1019,AZKqqnoh
1020,AZKqs8oq
1021,AZKuQ_0T
1022,AZKuhil-
1023,AZKuuqem
1024,AZKuzCiB
1025,AZKy8RiY
1026,AZKyRbsl
1027,AZKyeHJ_
1028,AZKyfhNG
1029,AZKyvUdV
1030,AZL-0PrY
1031,AZL-C7UI
1032,AZL-Q5NS
1033,AZL20R9d
1034,AZL2QjNo
1035,AZL2iEr8
1036,AZL2opDO
1037,AZL2uESQ
1038,AZL6VFzO
1039,AZL6Y7gF
1040,AZL6lUaD
1041,AZLCEdPX
1042,AZLCkU0J
1043,AZLG4Q2O
1044,AZLG53ht
1045,AZLGEefz
1046,AZLGQHsj
1047,AZLKg9DN
1048,AZLKmB43
1049,AZLKwbn6
1050,AZLOwail
1051,AZLOyTF-
1052,AZLShvK4
1053,AZLSjEM2
1054,AZLSxw-S
1055,AZLSy_zH
1056,AZLWyfxs
1057,AZLWzotL
1058,AZLeEwq0
1059,AZLeODCj
1060,AZLiEmO7
1061,AZLmCNCw
1062,AZLmd_NA
1063,AZLmxlYf
1064,AZLqJMSV
1065,AZLqRdhy
1066,AZLuB076
1067,AZLuEu7s
1068,AZLuxUmK
1069,AZLySS1s
1070,AZLyy2ub
1071,AZLyzih9
1072,AZM-JRYp
1073,AZM-zSOC
1074,AZM22jSK
1075,AZM2cLx9
1076,AZM2gz2X
1077,AZM2iYA5
1078,AZM2jbkZ
1079,AZM2sBH-
1080,AZM2yQ1k
1081,AZM6W1-V
1082,AZM6w92-
1083,AZMCR-dC
1084,AZMCWZLH
1085,AZMCX2ZE
1086,AZMChmUC
1087,AZMCozk9
1088,AZMG1-B0
1089,AZMGCpFj
1090,AZMGKPOs
1091,AZMGQ0vD
1092,AZMK-GFD
1093,AZMK04tu
1094,AZMK4QX4
1095,AZMK9Ndk
1096,AZMKH3rj
1097,AZMKJd_f
1098,AZMKnKqJ
1099,AZMKxeSC
1100,AZMOEb7w
1101,AZMS6H-C
1102,AZMSHDBL
1103,AZMSRvJv
1104,AZMSaOzN
1105,AZMSjHTn
1106,AZMSs_Fz
1107,AZMWSGUL
1108,AZMWTr7N
1109,AZMWbDhZ
1110,AZMWofGQ
1111,AZMWyRE3
1112,AZMWzInI
1113,AZMaAvJL
1114,AZMaG1oM
1115,AZMaU2FC
1116,AZMaWc_0
1117,AZMaY62M
1118,AZMai43D
1119,AZMaoE5q
1120,AZMeEweX
1121,AZMeFuS2
1122,AZMeG_eX
1123,AZMeV9om
1124,AZMeXCq9
1125,AZMeXRBJ
1126,AZMeyfGR
1127,AZMi3q7C
1128,AZMiGl1V
1129,AZMiUZHx
1130,AZMikCMo
1131,AZMike8Y
1132,AZMilYRJ
1133,AZMinyDz
1134,AZMiwp_7
1135,AZMmXDon
1136,AZMmaFwK
1137,AZMmxnE8
1138,AZMqGLsq
1139,AZMqHYYO
1140,AZMqLYdP
1141,AZMqNYtg
1142,AZMqag89
1143,AZMqj48d
1144,AZMqpWU0
1145,AZMqrk_c
1146,AZMsXvnp
1147,AZMu0-vb
1148,AZMuDoRz
1149,AZMuFO8i
1150,AZMuwJnB
1151,AZMy0nfi
1152,AZMy1LTv
1153,AZMyDI1i
1154,AZMyDKQf
1155,AZMyDe3u
1156,AZMyXHmf
1157,AZMybxCE
1158,AZMykUFW
1159,AZN-4LB2
1160,AZN-4_5q
1161,AZN-HUyK
1162,AZN-KOZH
1163,AZN-VhyU
1164,AZN-_NVR
1165,AZN1RLbb
1166,AZN2MAbN
1167,AZN2WPT6
1168,AZN2YwXp
1169,AZN2ab_8
1170,AZN2j3Xg
1171,AZN2nU4N
1172,AZN2q3eQ
1173,AZN2sSZH
1174,AZN2syCR
1175,AZN5x6rN
1176,AZN68333
1177,AZN6Kbr4
1178,AZN6MN5B
1179,AZN6PKPu
1180,AZN6YJm4
1181,AZN6eHZS
1182,AZN6pigO
1183,AZN6rHua
1184,AZNC6sx0
1185,AZNC9BLS
1186,AZNCK9wI
1187,AZNCKI7D
1188,AZNCKPKh
1189,AZNCP3hV
1190,AZNCkbbF
1191,AZNCmo6E
1192,AZNCq9ts
1193,AZNG5R0p
1194,AZNG9dwW
1195,AZNGWMl6
1196,AZNGZsKf
1197,AZNGcx2r
1198,AZNGo_6B
1199,AZNGpEBC
1200,AZNGpdGZ
1201,AZNK-w2B
1202,AZNK1EIt
1203,AZNK72G0
1204,AZNKEueM
1205,AZNKLyah
1206,AZNKNaBC
1207,AZNKpS1c
1208,AZNKpuZZ
1209,AZNOGZT-
1210,AZNOI8VT
1211,AZNOP8_5
1212,AZNOb4qN
1213,AZNOnMGf
1214,AZNOucqN
1215,AZNRRhbD
1216,AZNS8GNj
1217,AZNSTcA_
1218,AZNS_vUc
1219,AZNSdKTM
1220,AZNW6DX8
1221,AZNW8W7b
1222,AZNWGNXA
1223,AZNWWw_H
1224,AZNWYSVV
1225,AZNWm31E
1226,AZNa2URj
1227,AZNaAIAF
1228,AZNaGQj2
1229,AZNaHvJ6
1230,AZNaJ5NN
1231,AZNacREz
1232,AZNalZ-V
1233,AZNaoh33
1234,AZNau1pU
1235,AZNe3O-l
1236,AZNe4Exp
1237,AZNeIpq5
1238,AZNeMJvw
1239,AZNeWZqg
1240,AZNe_St_
1241,AZNeagt1
1242,AZNemj-p
1243,AZNeoC-u
1244,AZNeowMX
1245,AZNeqM3I
1246,AZNi7S7l
1247,AZNiLqdO
1248,AZNiVx3H
1249,AZNiaYU6
1250,AZNidvjc
1251,AZNirMEZ
1252,AZNm45oP
1253,AZNm7vJ5
1254,AZNm8AAp
1255,AZNmJ9hM
1256,AZNmW_dm
1257,AZNq8-XJ
1258,AZNqIxXX
1259,AZNqYMVz
1260,AZNqpuWp
1261,AZNu8_C_
1262,AZNuIc0S
1263,AZNuO94_
1264,AZNuXaEk
1265,AZNucIQE
1266,AZNuem8D
1267,AZNulLg1
1268,AZNy2tjy
1269,AZNye8AI
1270,AZO--5CM
1271,AZO-5z6H
1272,AZO-LLKX
1273,AZO-Mfn-
1274,AZO-NWvN
1275,AZO-b-05
1276,AZO-bkyU
1277,AZO-cmgb
1278,AZO-kjeY
1279,AZO-qKbU
1280,AZO-vbU5
1281,AZO2DCN6
1282,AZO2JBU4
1283,AZO2KzcL
1284,AZO2LmHp
1285,AZO2rMcw
1286,AZO2sD_7
1287,AZO6aJQh
1288,AZO6e5Z0
1289,AZO6hPoS
1290,AZOCJR22
1291,AZOCKErl
1292,AZOCSBfF
1293,AZOCcanW
1294,AZOCgiQP
1295,AZOCrGVn
1296,AZOCsJDZ
1297,AZOGBhSy
1298,AZOGPeAa
1299,AZOGZzjG
1300,AZOGxlFM
1301,AZOK-SDq
1302,AZOK2NYx
1303,AZOK80ME
1304,AZOK9udL
1305,AZOKLTjE
1306,AZOKLXrh
1307,AZOKSTyN
1308,AZOKdxl_
1309,AZOKhmsX
1310,AZOKrYlz
1311,AZOKxo7C
1312,AZOO6g4R
1313,AZOOcDKa
1314,AZOOd-jx
1315,AZOS7-8d
1316,AZOSKnMp
1317,AZOSLo3P
1318,AZOSd58y
1319,AZOSdwza
1320,AZOSijJn
1321,AZOSucIE
1322,AZOW4Jnp
1323,AZOWpIVp
1324,AZOWstP4
1325,AZOa55wr
1326,AZOa7Qi8
1327,AZOaNuz1
1328,AZOaOmuZ
1329,AZOaamyh
1330,AZOad4NE
1331,AZOas1FQ
1332,AZOaxGJe
1333,AZOayw3o
1334,AZOeOJZr
1335,AZOeZp_g
1336,AZOeeLdH
1337,AZOegeJ2
1338,AZOexprN
1339,AZOiMs41
1340,AZOiN_Vf
1341,AZOiY8Ux
1342,AZOiqasA
1343,AZOircA0
1344,AZOm86UF
1345,AZOmRNki
1346,AZOmaw_D
1347,AZOmgyvs
1348,AZOmqBwN
1349,AZOmvfKE
1350,AZOq9-dK
1351,AZOqMThK
1352,AZOqbE73
1353,AZOqcnvO
1354,AZOqvGEc
1355,AZOu6BSj
1356,AZOu7Kuu
1357,AZOu7teg
1358,AZOu8FYo
1359,AZOuK_oD
1360,AZOuLYlg
1361,AZOuPlKB
1362,AZOubilp
1363,AZOus8Rl
1364,AZOy-yab
1365,AZOy6AbS
1366,AZOyLHCK
1367,AZOyMiR1
1368,AZOyPfsu
1369,AZOyRQmm
1370,AZOyRn2M
1371,AZP-EaCK
1372,AZP-FxHh
1373,AZP-O4Zj
1374,AZP-dJD6
1375,AZP-eD5m
1376,AZP-nYSA
1377,AZP2AQNN
1378,AZP2_MwT
1379,AZP60nhk
1380,AZP6_o9z
1381,AZP6gkvn
1382,AZP6iU5w
1383,AZPC98B4
1384,AZPCAYei
1385,AZPCBEep
1386,AZPCHEPC
1387,AZPCSs-k
1388,AZPCTTwW
1389,AZPCg-LL
1390,AZPCi3cl
1391,AZPG1xN8
1392,AZPGA5jy
1393,AZPGCd2O
1394,AZPGDoFM
1395,AZPGJNv1
1396,AZPGRsJS
1397,AZPGRxIL
1398,AZPGUrCO
1399,AZPGgxG7
1400,AZPGz0Ho
1401,AZPGzNUG
1402,AZPKRXZv
1403,AZPKgfWL
1404,AZPKzTMi
1405,AZPO2dTB
1406,AZPOAFdM
1407,AZPODslf
1408,AZPORmdJ
1409,AZPOxcCw
1410,AZPOxudY
1411,AZPOzCgN
1412,AZPS-g0q
1413,AZPSA3ru
1414,AZPShTXu
1415,AZPSh_yl
1416,AZPSi2h8
1417,AZPWQ8LW
1418,AZPWfDWE
1419,AZPWzh6L
1420,AZPaEX1q
1421,AZPaF-Um
1422,AZPaRcPg
1423,AZPaUbBL
1424,AZPavnIb
1425,AZPe-NSk
1426,AZPe3sRo
1427,AZPeAL-7
1428,AZPeUQD3
1429,AZPe_J3L
1430,AZPegFBk
1431,AZPevurT
1432,AZPex5G8
1433,AZPiG1hs
1434,AZPi_5MD
1435,AZPivIJY
1436,AZPmQXyB
1437,AZPm_q7Y
1438,AZPmiaKR
1439,AZPmzTVl
1440,AZPqPabI
1441,AZPqUeJf
1442,AZPqhCuO
1443,AZPt5RRe
1444,AZPtm4Q5
1445,AZPuB5TB
1446,AZPuGuDI
1447,AZPuZ0gi
1448,AZPuy_Tl
1449,AZPyV26W
1450,AZPyade2
1451,AZQ-0GYE
1452,AZQ-2Ilt
1453,AZQ-7N5q
1454,AZQ-QObX
1455,AZQ-VEPE
1456,AZQ-yGtQ
1457,AZQ-z-oZ
1458,AZQ2BvPm
1459,AZQ2Dwup
1460,AZQ2QWf1
1461,AZQ2SvHg
1462,AZQ2jht8
1463,AZQ2pzCZ
1464,AZQ634dE
1465,AZQ6QGZj
1466,AZQ6ednz
1467,AZQ6q53d
1468,AZQ6x6aR
1469,AZQ6xN-N
1470,AZQC2jZc
1471,AZQCAOta
1472,AZQCFk8H
1473,AZQCHlxi
1474,AZQCTHPq
1475,AZQCVjsY
1476,AZQCgjWu
1477,AZQCiP-R
1478,AZQCkiB_
1479,AZQCl0eD
1480,AZQCm46o
1481,AZQGEkXn
1482,AZQGGquM
1483,AZQGq119
1484,AZQGx0Ud
1485,AZQGybo8
1486,AZQK2nSr
1487,AZQK5m8m
1488,AZQKAGu6
1489,AZQKDVWr
1490,AZQKQNTU
1491,AZQKSALg
1492,AZQKUwwq
1493,AZQKVUJF
1494,AZQKZNBA
1495,AZQKoNZ7
1496,AZQKxBV1
1497,AZQO1Gbo
1498,AZQOBzaG
1499,AZQORyVQ
1500,AZQOUZbC
1501,AZQOWTru
1502,AZQOYcNN
1503,AZQOo5fO
1504,AZQSGCG7
1505,AZQSJGNP
1506,AZQSRWIg
1507,AZQSXrkU
1508,AZQSaKI3
1509,AZQSlZQF
1510,AZQSps0C
1511,AZQSsXtn
1512,AZQSwLuQ
1513,AZQSxgv_
1514,AZQW3ORj
1515,AZQWBNL1
1516,AZQWGOjp
1517,AZQWJveI
1518,AZQWQ36k
1519,AZQWWaiT
1520,AZQWXxy-
1521,AZQa1H6j
1522,AZQaBWHX
1523,AZQaHEY8
1524,AZQaIs9e
1525,AZQaJVSH
1526,AZQaVQ7g
1527,AZQar5o8
1528,AZQayTfg
1529,AZQazhXx
1530,AZQeCXZ2
1531,AZQeF7w3
1532,AZQeFdFx
1533,AZQemBge
1534,AZQeomy_
1535,AZQexlNT
1536,AZQiD21E
1537,AZQiDPrv
1538,AZQigWJ7
1539,AZQiuWjF
1540,AZQmVHSy
1541,AZQmYW__
1542,AZQmdUeB
1543,AZQmhrbB
1544,AZQmjsL3
1545,AZQmnb39
1546,AZQmxc3V
1547,AZQqSDKq
1548,AZQqTLyX
1549,AZQqTRWw
1550,AZQqgDqY
1551,AZQqyNG1
1552,AZQqybeR
1553,AZQu0tjO
1554,AZQu7aCR
1555,AZQu91g4
1556,AZQuAlWz
1557,AZQuH1gO
1558,AZQuJgY1
1559,AZQuUX7T
1560,AZQuXz3B
1561,AZQuqIEM
1562,AZQy0YwM
1563,AZQy4UsH
1564,AZQyG6YB
1565,AZQyJOrO
1566,AZQyX0C_
1567,AZQyZ_M7
1568,AZQykJVE
1569,AZQyzZFm
1570,AZR-JehM
1571,AZR-LhcD
1572,AZR-WKPH
1573,AZR-bXJr
1574,AZR-l_13
1575,AZR-p6os
1576,AZR-qTRJ
1577,AZR22R3v
1578,AZR26EQ7
1579,AZR26sBn
1580,AZR2Ck-Y
1581,AZR2ERWW
1582,AZR2FX7y
1583,AZR2Z5Qh
1584,AZR2bsVI
1585,AZR2kSwu
1586,AZR61JTC
1587,AZR62HxZ
1588,AZR62Zyj
1589,AZR6HZPh
1590,AZR6PmXP
1591,AZR6R6Um
1592,AZR6dekO
1593,AZR6kdAy
1594,AZR6nTi4
1595,AZRC1B7W
1596,AZRCGUkd
1597,AZRCH5uq
1598,AZRCX8KG
1599,AZRCffXj
1600,AZRCvd0l
1601,AZRFh9ir
1602,AZRGEkGU
1603,AZRGPJ4e
1604,AZRGa8Av
1605,AZRGaiFd
1606,AZRGt776
1607,AZRK2-Zm
1608,AZRKH4G_
1609,AZRKHCuQ
1610,AZRKIzae
1611,AZRKUHad
1612,AZRKZKcF
1613,AZRKdfd0
1614,AZRKlAZn
1615,AZRKmLNT
1616,AZRKpSce
1617,AZRO0B3o
1618,AZRO4xRx
1619,AZRO5MHN
1620,AZROF-Hh
1621,AZROJM9R
1622,AZROazc1
1623,AZROcEiR
1624,AZROlqK2
1625,AZROtjo9
1626,AZRS2_Yv
1627,AZRSBMiU
1628,AZRSFdhw
1629,AZRSNjLS
1630,AZRSVktG
1631,AZRScq4j
1632,AZRSqpkN
1633,AZRW22VQ
1634,AZRW3nKI
1635,AZRW4w5j
1636,AZRW7ZY0
1637,AZRWGE19
1638,AZRWV06s
1639,AZRWVJQF
1640,AZRWoGym
1641,AZRa1OWK
1642,AZRaFlCy
1643,AZRaGJq8
1644,AZRaToLr
1645,AZRacJSa
1646,AZRakuqQ
1647,AZRapLh_
1648,AZRauP2L
1649,AZRe0LT6
1650,AZRe5Fcx
1651,AZReB9hF
1652,AZReZxBv
1653,AZRetRVY
1654,AZRevsRV
1655,AZRiH4IG
1656,AZRiabb5
1657,AZRifFIq
1658,AZRirldz
1659,AZRm1pvt
1660,AZRm5MVC
1661,AZRm6Nmr
1662,AZRmFhXw
1663,AZRmVAIi
1664,AZRmXA07
1665,AZRm_XfS
1666,AZRq14AA
1667,AZRq3srr
1668,AZRq4OZN
1669,AZRq6RCV
1670,AZRqGImV
1671,AZRqGfgg
1672,AZRqH000
1673,AZRqJEf5
1674,AZRqMBIw
1675,AZRqP0Tn
1676,AZRqTFht
1677,AZRqfiYk
1678,AZRqkwDl
1679,AZRqzAes
1680,AZRu0Oh7
1681,AZRu4ZoI
1682,AZRuamhq
1683,AZRubb2y
1684,AZRujwdQ
1685,AZRyGd31
1686,AZRyltnm
1687,AZS-HNX3
1688,AZS-hjcf
1689,AZS-p36L
1690,AZS-snw2
1691,AZS2dBkn
1692,AZS2dL4I
1693,AZS2eUYR
1694,AZS2uKUD
1695,AZS5y-5Z
1696,AZS69pgc
1697,AZS6ADim
1698,AZS6LnDr
1699,AZS6b9CC
1700,AZS6cmu-
1701,AZS6cx-k
1702,AZS6fL3u
1703,AZS6h9xP
1704,AZS6t78t
1705,AZSC-BUd
1706,AZSC-Lse
1707,AZSC8Sxg
1708,AZSC9FSv
1709,AZSCKljs
1710,AZSCPpxP
1711,AZSCb-Qa
1712,AZSCq2jc
1713,AZSCuRMS
1714,AZSFCmza
1715,AZSG7z1_
1716,AZSGMscv
1717,AZSGRczL
1718,AZSGbM5K
1719,AZSGfh2a
1720,AZSGpNF3
1721,AZSGqm20
1722,AZSKMRjG
1723,AZSKxE5e
1724,AZSOPRUj
1725,AZSObvPB
1726,AZSOcvS6
1727,AZSOw5Y-
1728,AZSRweDc
1729,AZSS3cz-
1730,AZSSQVjr
1731,AZSStUp1
1732,AZSW-hs-
1733,AZSWxLoq
1734,AZSZB_5q
1735,AZSa5dd1
1736,AZSa8uvq
1737,AZSaMukU
1738,AZSaPCU2
1739,AZSaaIWc
1740,AZSanHpf
1741,AZSe5qWN
1742,AZSeK4CD
1743,AZSeaHP8
1744,AZSeaesd
1745,AZSecwQy
1746,AZSerieZ
1747,AZSeuxJp
1748,AZSifTIS
1749,AZSiq-P0
1750,AZSmL5Kj
1751,AZSmNmv4
1752,AZSmO9r8
1753,AZSmfY70
1754,AZSq6mY0
1755,AZSqHL3c
1756,AZSqMS6m
1757,AZSqa274
1758,AZSqchfO
1759,AZSqf5V9
1760,AZSqrvqi
1761,AZSu6HaL
1762,AZSu72HW
1763,AZSuJY12
1764,AZSuYdFO
1765,AZSu__TK
1766,AZSud4ly
1767,AZSuqCjc
1768,AZSuvi87
1769,AZSuwNJ7
1770,AZSxiWl7
1771,AZSyM3-k
1772,AZSy_9Pz
1773,AZSysyZ9
1774,AZSytCEj
1775,AZT-AGMg
1776,AZT-CF88
1777,AZT-FYhc
1778,AZT-QtwP
1779,AZT-V2Zz
1780,AZT-_JKy
1781,AZT2CvJE
1782,AZT2P5Ti
1783,AZT2fDwf
1784,AZT2vJPb
1785,AZT5FfjI
1786,AZT61YNO
1787,AZT6BXCV
1788,AZT6VCif
1789,AZT6Z-pz
1790,AZT6fL0_
1791,AZT6w0YU
1792,AZTCF3DR
1793,AZTCGcQc
1794,AZTCRYDl
1795,AZTCUwyR
1796,AZTCfCvv
1797,AZTCwE8j
1798,AZTCwaCr
1799,AZTCzgVG
1800,AZTG0DTk
1801,AZTGNKUh
1802,AZTGO_DP
1803,AZTGUNWs
1804,AZTGXhs6
1805,AZTG_LCK
1806,AZTG__EJ
1807,AZTGiM4d
1808,AZTGxY8n
1809,AZTKBS5G
1810,AZTKE6v_
1811,AZTK_kGd
1812,AZTKfspB
1813,AZTOENeD
1814,AZTOU92O
1815,AZTOmM2T
1816,AZTSDDxe
1817,AZTSPktb
1818,AZTSQnoW
1819,AZTSR-vA
1820,AZTSRDaA
1821,AZTSZZyy
1822,AZTShuRT
1823,AZTSif2O
1824,AZTWBrMY
1825,AZTWQyZl
1826,AZTWScAH
1827,AZTW_MoA
1828,AZTaf2Q8
1829,AZTeOyza
1830,AZTeWwHl
1831,AZTeduCs
1832,AZTi-p-C
1833,AZTi0Y7V
1834,AZTiA4Wk
1835,AZTiB5uE
1836,AZTiQDME
1837,AZTiw7y_
1838,AZTm89kW
1839,AZTmAgk7
1840,AZTmE0k1
1841,AZTmFSJh
1842,AZTmUlP5
1843,AZTmynZP
1844,AZTqAhK0
1845,AZTqFdJL
1846,AZTqi0v9
1847,AZTqnDw-
1848,AZTu49Ak
1849,AZTu_quG
1850,AZTutTwE
1851,AZTuuLa8
1852,AZTyB2op
1853,AZTyHyhs
1854,AZTyUA9y
1855,AZTyUG8n
1856,AZTyZmUs
1857,AZTyhcFr
1858,AZTyiv64
1859,AZTyxCaq
1860,AZU-6cRD
1861,AZU-CGki
1862,AZU-CzEC
1863,AZU-TX4p
1864,AZU-XLNx
1865,AZU-hLPI
1866,AZU-hfA4
1867,AZU-w5J8
1868,AZU-xTHF
1869,AZU24QUm
1870,AZU2A5oY
1871,AZU2x4mE
1872,AZU61Ske
1873,AZU65YpQ
1874,AZU6HtSK
1875,AZU6SYnt
1876,AZUCBTsS
1877,AZUCHrNM
1878,AZUCHv0H
1879,AZUCTXIE
1880,AZUCjsHJ
1881,AZUGB5kP
1882,AZUGG2Qz
1883,AZUGQwyh
1884,AZUGV68R
1885,AZUGWjMr
1886,AZUGwcVg
1887,AZUKBuZ_
1888,AZUKMof0
1889,AZUKQmRu
1890,AZUKaBUB
1891,AZUKixDn
1892,AZUKlGaF
1893,AZUKvhOA
1894,AZUKwVdK
1895,AZUO24v6
1896,AZUOR1mf
1897,AZUOUt4_
1898,AZUOkJ3U
1899,AZUOkJCw
1900,AZUSINWv
1901,AZUSYP8p
1902,AZUSZIbJ
1903,AZUW3YXj
1904,AZUW4pm7
1905,AZUWEkR2
1906,AZUWFUXP
1907,AZUWGGXe
1908,AZUWHtnt
1909,AZUWS4wf
1910,AZUWWnWp
1911,AZUWaDPc
1912,AZUWk-go
1913,AZUWzIk7
1914,AZUa-ron
1915,AZUa7wgh
1916,AZUaLgD5
1917,AZUaYYEm
1918,AZUaj--a
1919,AZUapyTa
1920,AZUeABxG
1921,AZUeAlt6
1922,AZUeGD6E
1923,AZUeQKEu
1924,AZUeR562
1925,AZUeUsek
1926,AZUeYWJr
1927,AZUejEbS
1928,AZUelFRK
1929,AZUerPtc
1930,AZUestJE
1931,AZUezEkR
1932,AZUi0EZG
1933,AZUi5R9i
1934,AZUiCL3e
1935,AZUiCuN_
1936,AZUiGOCE
1937,AZUiRsKR
1938,AZUiZBIc
1939,AZUiqM_8
1940,AZUiyRwo
1941,AZUmBIBP
1942,AZUmVTFj
1943,AZUmxcVJ
1944,AZUqByvf
1945,AZUqXnvv
1946,AZUu4z1f
1947,AZUuB3pQ
1948,AZUuE0te
1949,AZUuW3p7
1950,AZUuWNaF
1951,AZUuXY6M
1952,AZUuyJbo
1953,AZUyGAay
1954,AZUySYRt
1955,AZUyjiRS
1956,AZV-4_6-
1957,AZV-7WnX
1958,AZV-7avl
1959,AZV-8h3U
1960,AZV-HZrh
1961,AZV-kvtL
1962,AZV-rFQI
1963,AZV-xpE-
1964,AZV25nmO
1965,AZV2EpS1
1966,AZV2HfHW
1967,AZV2VJX1
1968,AZV2WJw9
1969,AZV2k9ZQ
1970,AZV2ldu6
1971,AZV2oUJy
1972,AZV2tcZG
1973,AZV2zUSR
1974,AZV61Kb3
1975,AZV62UpJ
1976,AZV664uj
1977,AZV6Egr3
1978,AZV6GLzD
1979,AZV6lDdq
1980,AZV6ozSI
1981,AZV6rUhf
1982,AZVC2cOs
1983,AZVC5qEI
1984,AZVC8mvK
1985,AZVCGkFT
1986,AZVCHa2U
1987,AZVCN5r-
1988,AZVCPm-E
1989,AZVCWols
1990,AZVCdMJ0
1991,AZVCjBPZ
1992,AZVCmTBW
1993,AZVCnahB
1994,AZVCqLZL
1995,AZVG1QCp
1996,AZVG3xt0
1997,AZVG8naH
1998,AZVGGRDW
1999,AZVGOPQX
2000,AZVGU9Yz
2001,AZVGfbgT
2002,AZVGs9u3
2003,AZVK1tC3
2004,AZVKVr_w
2005,AZVKm5zW
2006,AZVKo9Fi
2007,AZVKvXV6
2008,AZVNf8hv
2009,AZVO0703
2010,AZVO28Je
2011,AZVO3K70
2012,AZVO3WOU
2013,AZVO3YR-
2014,AZVO56Ym
2015,AZVON0-E
2016,AZVOSVb0
2017,AZVOWNA8
2018,AZVOcsTs
2019,AZVOnjlJ
2020,AZVOrgKk
2021,AZVOyIy1
2022,AZVS-F7M
2023,AZVS2mWB
2024,AZVS4ciz
2025,AZVSEd6Q
2026,AZVSFItH
2027,AZVSFsKj
2028,AZVS_UOt
2029,AZVSoXX1
2030,AZVSslxb
2031,AZVVvMKn
2032,AZVWEjS_
2033,AZVWMYDx
2034,AZVWPgIt
2035,AZVWXQ-D
2036,AZVWYWsR
2037,AZVWmONO
2038,AZVWpp2g
2039,AZVa-do3
2040,AZVa16_q
2041,AZVa1wpL
2042,AZVa3Ddw
2043,AZVa4NTX
2044,AZVa5He-
2045,AZVaAClE
2046,AZVaIEJc
2047,AZVaJOOz
2048,AZVaY8lC
2049,AZVamRTI
2050,AZVamvt9
2051,AZVao9Aq
2052,AZVaoZjC
2053,AZVe0ITz
2054,AZVe44AE
2055,AZVe9g_n
2056,AZVeaAwr
2057,AZVecQQs
2058,AZVepYD8
2059,AZVetynV
2060,AZViK1VV
2061,AZViKQaY
2062,AZViMQBG
2063,AZViZn8s
2064,AZVib-Q0
2065,AZVicXOo
2066,AZVimg6u
2067,AZVmGr3m
2068,AZVmZSMt
2069,AZVmbywQ
2070,AZVmrneZ
2071,AZVmvkur
2072,AZVq6oNP
2073,AZVq7zax
2074,AZVq8TWU
2075,AZVqE9Gt
2076,AZVqZhVG
2077,AZVqdb3G
2078,AZVqp679
2079,AZVquXHT
2080,AZVqy-mt
2081,AZVu-Quu
2082,AZVu2fLW
2083,AZVu3bFJ
2084,AZVu5G0T
2085,AZVuGAE3
2086,AZVuI_GB
2087,AZVuSCcS
2088,AZVuWJK-
2089,AZVuog1u
2090,AZVurgUr
2091,AZVut73K
2092,AZVuzgl5
2093,AZVy2a8i
2094,AZVy8Y_u
2095,AZVyXrbY
2096,AZVyoLPW
2097,AZW-PVja
2098,AZW-X_J9
2099,AZW-av91
2100,AZW-lsJx
2101,AZW-tIla
2102,AZW1wA2Z
2103,AZW2-qqz
2104,AZW25KRH
2105,AZW2IeOg
2106,AZW2LC4m
2107,AZW2NNhJ
2108,AZW2ZUy9
2109,AZW2Zi5K
2110,AZW2_LbF
2111,AZW2baDY
2112,AZW2dCqo
2113,AZW6-6QA
2114,AZW63skW
2115,AZW6KDZw
2116,AZW6KioK
2117,AZW6MGEa
2118,AZW6n8tm
2119,AZW6vvdd
2120,AZWC-bAC
2121,AZWCXMS7
2122,AZWCYwPp
2123,AZWCeBHX
2124,AZWChU8B
2125,AZWCkuJv
2126,AZWCqTRc
2127,AZWCvwzc
2128,AZWG6Ncb
2129,AZWG9mur
2130,AZWGBOQ3
2131,AZWGNR6t
2132,AZWGYYbE
2133,AZWGcw5_
2134,AZWGdiYR
2135,AZWGe6Nd
2136,AZWGfWo1
2137,AZWGpVRe
2138,AZWKN_-p
2139,AZWKZu7Y
2140,AZWKgAFH
2141,AZWO-1--
2142,AZWO6vJM
2143,AZWOL1Bf
2144,AZWOO8xq
2145,AZWO_SSA
2146,AZWOpnzr
2147,AZWS-Snr
2148,AZWS8JR7
2149,AZWS9Ywu
2150,AZWSJnZZ
2151,AZWSJo5J
2152,AZWSLUdz
2153,AZWScBzI
2154,AZWSrTFu
2155,AZWSuvMl
2156,AZWW5AUx
2157,AZWW7t8Z
2158,AZWWITtC
2159,AZWWN65P
2160,AZWWOurt
2161,AZWWPtue
2162,AZWWd_58
2163,AZWWisyb
2164,AZWWqCFd
2165,AZWa65Wi
2166,AZWaImmd
2167,AZWaLDDc
2168,AZWabwPe
2169,AZWao57F
2170,AZWapyxK
2171,AZWaswiv
2172,AZWe-fZc
2173,AZWe6bJy
2174,AZWeH7jp
2175,AZWeMxjh
2176,AZWeZZzm
2177,AZWe_1c2
2178,AZWe_7fD
2179,AZWebExO
2180,AZWeggj1
2181,AZWezI7R
2182,AZWi7_x2
2183,AZWiKHEe
2184,AZWiM6va
2185,AZWiXfxE
2186,AZWibmp9
2187,AZWierU9
2188,AZWiqzJg
2189,AZWirocG
2190,AZWm6Jnx
2191,AZWmFW75
2192,AZWmOVfL
2193,AZWmrikw
2194,AZWmslwg
2195,AZWmtVTU
2196,AZWmuvKp
2197,AZWq-x0I
2198,AZWq7hfW
2199,AZWq8awh
2200,AZWqHmtV
2201,AZWqMT2j
2202,AZWqYKcx
2203,AZWqZsk5
2204,AZWqeDUv
2205,AZWqq_t0
2206,AZWqsbr-
2207,AZWqu2pf
2208,AZWu3J0A
2209,AZWu6TCd
2210,AZWu7xA6
2211,AZWuYTja
2212,AZWudMWv
2213,AZWurNEA
2214,AZWuu468
2215,AZWuvPyO
2216,AZWy7-PJ
2217,AZWy7M7-
2218,AZWyIox5
2219,AZWyOYCz
2220,AZWyOqgx
2221,AZWyYeSA
2222,AZWydM9n
2223,AZWydxF9
2224,AZWyr-iq
2225,AZX-ABfl
2226,AZX-B95B
2227,AZX-D72Q
2228,AZX-Rhgu
2229,AZX-dwb5
2230,AZX-iWOy
2231,AZX-lglT
2232,AZX-woHU
2233,AZX2CMRJ
2234,AZX2R3Sq
2235,AZX2UfhN
2236,AZX2dVmI
2237,AZX2g_g5
2238,AZX2kMn6
2239,AZX2xOMC
2240,AZX53rMw
2241,AZX6N_7c
2242,AZX6z2gA
2243,AZXCAxrc
2244,AZXCFwLO
2245,AZXCOB8d
2246,AZXCRQGn
2247,AZXCSp7O
2248,AZXCeV3_
2249,AZXCukTP
2250,AZXCxXq3
2251,AZXCxzTF
2252,AZXG-ZZG
2253,AZXGS_QA
2254,AZXKBRLR
2255,AZXKBY21
2256,AZXKXJSn
2257,AZXKfI0W
2258,AZXKyB5N
2259,AZXORGR9
2260,AZXOTtIx
2261,AZXOd1qL
2262,AZXOd2MV
2263,AZXOvK9U
2264,AZXOwxcI
2265,AZXSPBna
2266,AZXSQB-u
2267,AZXSTaPO
2268,AZXSufVx
2269,AZXSzZp4
2270,AZXSzdn0
2271,AZXW13wb
2272,AZXWP5vd
2273,AZXWQUS8
2274,AZXW_0W-
2275,AZXWv5Mz
2276,AZXaACbL
2277,AZXaQdKp
2278,AZXadLoJ
2279,AZXaumh_
2280,AZXawJ7O
2281,AZXawkwr
2282,AZXe0zk-
2283,AZXeDmin
2284,AZXeNdn-
2285,AZXeRmQ0
2286,AZXeUl2O
2287,AZXi-aHx
2288,AZXiiu8w
2289,AZXiopD9
2290,AZXmMnGE
2291,AZXmUOoU
2292,AZXmwVHY
2293,AZXmyPJJ
2294,AZXq-1oJ
2295,AZXqAZIM
2296,AZXqEgku
2297,AZXqJ5ym
2298,AZXqTadz
2299,AZXqdLB0
2300,AZXqjhRw
2301,AZXqza9X
2302,AZXuB7ZT
2303,AZXuPoF8
2304,AZXuUxlx
2305,AZXud08V
2306,AZXufRT5
2307,AZXufa-Y
2308,AZXugVv-
2309,AZXuwfaQ
2310,AZXy9kW_
2311,AZXyD6YA
2312,AZXyOw48
2313,AZXye8Qa
2314,AZXyeiJA
2315,AZXyxXGJ
2316,AZXyzF87
2317,AZY-10xJ
2318,AZY-2ImL
2319,AZY-2xbg
2320,AZY-Fzgn
2321,AZY-hBbx
2322,AZY-lHZ5
2323,AZY-lIRJ
2324,AZY-yDP2
2325,AZY2AIFn
2326,AZY2Fewl
2327,AZY2GEUt
2328,AZY2S5mC
2329,AZY2UBgf
2330,AZY2XWri
2331,AZY2csiP
2332,AZY2y0Rg
2333,AZY2y2SN
2334,AZY61Yla
2335,AZY62lLg
2336,AZY6U_Pk
2337,AZY6XjaN
2338,AZY6YiZj
2339,AZY6kqUb
2340,AZY6oGb_
2341,AZY6w1HY
2342,AZY6w7E6
2343,AZYC8zV0
2344,AZYCDqS7
2345,AZYCFSLk
2346,AZYCJZPU
2347,AZYCYeOy
2348,AZYCYty3
2349,AZYCkGnI
2350,AZYCw-an
2351,AZYG0XRW
2352,AZYG3m1_
2353,AZYGMBQb
2354,AZYGXFEE
2355,AZYGbqmW
2356,AZYGgASp
2357,AZYGgICp
2358,AZYGkzHy
2359,AZYGl8pN
2360,AZYGnaPN
2361,AZYGoQOI
2362,AZYGwIgr
2363,AZYGwObC
2364,AZYGyiFq
2365,AZYGz-iE
2366,AZYGzfGR
2367,AZYKEZYh
2368,AZYKHFDi
2369,AZYKHU8t
2370,AZYKIwII
2371,AZYKQk8F
2372,AZYKRr9u
2373,AZYKTzPR
2374,AZYKVKwV
2375,AZYKgqrR
2376,AZYKhaaM
2377,AZYKjDDy
2378,AZYKnFOn
2379,AZYKpmZW
2380,AZYKyjjW
2381,AZYKzVj9
2382,AZYOC8Ri
2383,AZYOEySI
2384,AZYOGwGd
2385,AZYOH_X6
2386,AZYOTvxv
2387,AZYOaKHy
2388,AZYOgg0T
2389,AZYOiW1m
2390,AZYOmKsB
2391,AZYOn6GP
2392,AZYOnTCJ
2393,AZYS0HSC
2394,AZYSCitq
2395,AZYSDx1V
2396,AZYSQFF2
2397,AZYSShe9
2398,AZYSWEpH
2399,AZYShRBT
2400,AZYSzF2q
2401,AZYWB8Vj
2402,AZYWCd0P
2403,AZYWDpWs
2404,AZYWQ29p
2405,AZYWRscs
2406,AZYWVGGc
2407,AZYWlb26
2408,AZYWmvzh
2409,AZYWoNOn
2410,AZYWzxvT
2411,AZYa0DXD
2412,AZYa0WX4
2413,AZYaEKjP
2414,AZYaHQWw
2415,AZYaVK_T
2416,AZYaXh_q
2417,AZYahx40
2418,AZYajTP-
2419,AZYaw-RP
2420,AZYawkIT
2421,AZYeBQOk
2422,AZYeG5u-
2423,AZYeHlDf
2424,AZYeQrIU
2425,AZYeRGQB
2426,AZYeS2se
2427,AZYeo5Cc
2428,AZYiAZJ9
2429,AZYiWZdz
2430,AZYiYaUC
2431,AZYiorZS
2432,AZYiwcV6
2433,AZYmDFvS
2434,AZYmIjGv
2435,AZYmSoWV
2436,AZYmTnUu
2437,AZYmWaQN
2438,AZYmYARi
2439,AZYmntZe
2440,AZYmpjq-
2441,AZYmyUlS
2442,AZYmzPmS
2443,AZYq2i8W
2444,AZYqGFrE
2445,AZYqI8bZ
2446,AZYqSrRK
2447,AZYqXhjj
2448,AZYqhO8-
2449,AZYqlD0_
2450,AZYu5hqa
2451,AZYuD-y9
2452,AZYuGoo-
2453,AZYumQ27
2454,AZYuns7h
2455,AZYuyGXL
2456,AZYy2o1x
2457,AZYy6sQ2
2458,AZYyCXs7
2459,AZYyQ2Te
2460,AZYyj7pt
2461,AZYymfQp
2462,AZYywTcv
2463,AZYyzBBU
2464,AZZ-8595
2465,AZZ-8gtr
2466,AZZ-GlH4
2467,AZZ-KosO
2468,AZZ-LRSc
2469,AZZ-Umvl
2470,AZZ-WJas
2471,AZZ-ep7x
2472,AZZ-iP56
2473,AZZ-nGEL
2474,AZZ-tkrV
2475,AZZ-ub9a
2476,AZZ201fQ
2477,AZZ21V9U
2478,AZZ272kN
2479,AZZ277s9
2480,AZZ2J04n
2481,AZZ2o6rM
2482,AZZ2qTyG
2483,AZZ2rM6_
2484,AZZ2z2_J
2485,AZZ62Ap1
2486,AZZ63jVE
2487,AZZ6Djvp
2488,AZZ6DptX
2489,AZZ6I7oc
2490,AZZ6LDxe
2491,AZZ6NNbG
2492,AZZ6Vshx
2493,AZZ6eFqo
2494,AZZ6r7TZ
2495,AZZC09yu
2496,AZZC2u2p
2497,AZZC3ubd
2498,AZZCEQII
2499,AZZCEtRE
2500,AZZCF8yF
2501,AZZCIVk1
2502,AZZCWJMN
2503,AZZCcFvL
2504,AZZChweB
2505,AZZCir0O
2506,AZZCjXqY
2507,AZZCl0Gr
2508,AZZCpsOF
2509,AZZCq8AQ
2510,AZZCqbBW
2511,AZZCygwk
2512,AZZG0NaC
2513,AZZG2EKx
2514,AZZGUgCa
2515,AZZGUv9S
2516,AZZGVaOK
2517,AZZG_dEg
2518,AZZGaCwD
2519,AZZGmS5f
2520,AZZGpbta
2521,AZZGqgK0
2522,AZZGtUDe
2523,AZZGv-iG
2524,AZZK1Uda
2525,AZZK6qCd
2526,AZZKGcxF
2527,AZZKN5jv
2528,AZZKPirn
2529,AZZKUS3F
2530,AZZKWcT0
2531,AZZKiFAd
2532,AZZKjTT6
2533,AZZKmnuI
2534,AZZKn3_g
2535,AZZKuz93
2536,AZZNCowe
2537,AZZOFBtX
2538,AZZOFT5U
2539,AZZOG86m
2540,AZZOX8r1
2541,AZZOjzGm
2542,AZZS-qaZ
2543,AZZS2fRK
2544,AZZS5C7U
2545,AZZS7Hol
2546,AZZSHHUo
2547,AZZSJnT4
2548,AZZSKmiG
2549,AZZSM0jt
2550,AZZSPKWQ
2551,AZZSk0JF
2552,AZZSka2l
2553,AZZSndoc
2554,AZZSq5W-
2555,AZZSwGhq
2556,AZZW1jJA
2557,AZZW2Yvs
2558,AZZW5fv-
2559,AZZWA8DF
2560,AZZWII1Y
2561,AZZWK7mC
2562,AZZWLotF
2563,AZZWZG3j
2564,AZZWaxUx
2565,AZZWnlo5
2566,AZZWz2Tx
2567,AZZWzR-u
2568,AZZa0JV2
2569,AZZa2UFE
2570,AZZa6lTF
2571,AZZaDAhj
2572,AZZaFvwD
2573,AZZaKsg-
2574,AZZaLwDP
2575,AZZaLyJ1
2576,AZZaNv3L
2577,AZZaWK20
2578,AZZaXHYH
2579,AZZakX0C
2580,AZZakugD
2581,AZZalC7z
2582,AZZau0Q9
2583,AZZe-7g3
2584,AZZe0SGJ
2585,AZZe65H1
2586,AZZe6xs0
2587,AZZeFuz2
2588,AZZeG3d-
2589,AZZeSaI9
2590,AZZeZ8dg
2591,AZZeas0n
2592,AZZeikAP
2593,AZZeoQf7
2594,AZZevw8T
2595,AZZi037I
2596,AZZi4_iZ
2597,AZZi53O9
2598,AZZiDPjr
2599,AZZiEPGf
2600,AZZiEfGF
2601,AZZiI9BS
2602,AZZiMwIS
2603,AZZiURH4
2604,AZZip9GJ
2605,AZZiyVvG
2606,AZZm0xLO
2607,AZZm2opj
2608,AZZm39My
2609,AZZm6Huh
2610,AZZm7mVn
2611,AZZm8mlx
2612,AZZmEBUT
2613,AZZmSWtg
2614,AZZmTLWa
2615,AZZmU-mA
2616,AZZmW7wS
2617,AZZmaq5q
2618,AZZmcuhP
2619,AZZmilRL
2620,AZZmug60
2621,AZZmyLtz
2622,AZZmz7Xa
2623,AZZq1xiD
2624,AZZqHKre
2625,AZZqLgSZ
2626,AZZqSOdW
2627,AZZqX9Xb
2628,AZZqbo9C
2629,AZZqk3J1
2630,AZZqm-YH
2631,AZZqm0o7
2632,AZZqm7MS
2633,AZZqovmg
2634,AZZqqaZH
2635,AZZqtFVi
2636,AZZqvzdX
2637,AZZu-0qE
2638,AZZu3Q4b
2639,AZZu4Pp2
2640,AZZuF--X
2641,AZZuFN1W
2642,AZZuItUk
2643,AZZuKKOL
2644,AZZuT0Cg
2645,AZZuVBKj
2646,AZZuZxG7
2647,AZZujwgY
2648,AZZunc8F
2649,AZZutAJP
2650,AZZuxq_O
2651,AZZuyKCt
2652,AZZyG-bA
2653,AZZyGB1g
2654,AZZyJoM4
2655,AZZyKx8s
2656,AZZyST9z
2657,AZZyTEJk
2658,AZZyUEv-
2659,AZZyULBt
2660,AZZyWQrW
2661,AZZyaOg1
2662,AZZycA04
2663,AZZyjkRY
2664,AZZykedU
2665,AZZyriqQ
2666,AZZyylWL
2667,AZ_1GD0T
2668,AZ_1WDfX
2669,AZ_1XlHK
2670,AZ_1i-bm
2671,AZ_1ivTG
2672,AZ_52K-7
2673,AZ_5FXVd
2674,AZ_5TV1D
2675,AZ_5mmq-
2676,AZ_90aH_
2677,AZ_96APn
2678,AZ_9DeD4
2679,AZ_9RUc-
2680,AZ_9Vo1v
2681,AZ_9lo_e
2682,AZ_9y6UU
2683,AZ_9yrA-
2684,AZ_B1n0M
2685,AZ_BBm88
2686,AZ_BEuWy
2687,AZ_BHqAO
2688,AZ_BQXoK
2689,AZ_Bkz_0
2690,AZ_Blofe
2691,AZ_BnYJY
2692,AZ_BpnKU
2693,AZ_BwAGx
2694,AZ_Bwx3L
2695,AZ_F6tED
2696,AZ_FDgNc
2697,AZ_FJgH0
2698,AZ_FaeD1
2699,AZ_FyOna
2700,AZ_JEDnj
2701,AZ_JPdF8
2702,AZ_JRstb
2703,AZ_JSwZ2
2704,AZ_JgAmA
2705,AZ_JgzW8
2706,AZ_Jwnpn
2707,AZ_NDdk0
2708,AZ_NFgxH
2709,AZ_NZMew
2710,AZ_NnKOW
2711,AZ_Nygjf
2712,AZ_RAVal
2713,AZ_RVBTd
2714,AZ_RwZS-
2715,AZ_VMTEi
2716,AZ_VgaUA
2717,AZ_ZA8wF
2718,AZ_ZTkYq
2719,AZ_ZX2JC
2720,AZ_Zfg9F
2721,AZ_dIWSe
2722,AZ_dhaAg
2723,AZ_djXwD
2724,AZ_hUqsS
2725,AZ_hjq34
2726,AZ_l3tKc
2727,AZ_lAHv6
2728,AZ_lJLMp
2729,AZ_lUSW0
2730,AZ_lyTVn
2731,AZ_p6BBV
2732,AZ_pB8BB
2733,AZ_pDlo_
2734,AZ_pFeUT
2735,AZ_tBr4q
2736,AZ_tQsUA
2737,AZ_tUZkz
2738,AZ_tmBLx
2739,AZ_x0bbt
2740,AZa-22Sy
2741,AZa-4btu
2742,AZa-J9Xb
2743,AZa-KrLz
2744,AZa-OqSM
2745,AZa-WWRd
2746,AZa-Z8BW
2747,AZa-bG5g
2748,AZa-pAA-
2749,AZa-pPlX
2750,AZa-pXEr
2751,AZa-qQh8
2752,AZa27--P
2753,AZa29Vxo
2754,AZa2RoDj
2755,AZa2hU7C
2756,AZa654Un
2757,AZa6KjeZ
2758,AZa6KnkX
2759,AZa6WoYP
2760,AZa6_IRQ
2761,AZa6eT7S
2762,AZaCHPAW
2763,AZaCLURy
2764,AZaCPhFN
2765,AZaCfif0
2766,AZaCvWbI
2767,AZaCwH9c
2768,AZaG4Lpa
2769,AZaGFJcq
2770,AZaGZgB5
2771,AZaGcc1f
2772,AZaGsRuv
2773,AZaK-PJb
2774,AZaK44zW
2775,AZaK7efq
2776,AZaK8oKe
2777,AZaKHqmG
2778,AZaKJdC1
2779,AZaKKHFk
2780,AZaKOWSm
2781,AZaKRnKr
2782,AZaKblmO
2783,AZaKmat6
2784,AZaKtM8E
2785,AZaO-0Pa
2786,AZaONts1
2787,AZaOXMG3
2788,AZaOY6ih
2789,AZaOZ9Nh
2790,AZaOovUd
2791,AZaOqE8L
2792,AZaOrvcT
2793,AZaSI4y_
2794,AZaSOxzB
2795,AZaSY0Ud
2796,AZaSYkaH
2797,AZaSbZv9
2798,AZaSdybg
2799,AZaSoLse
2800,AZaW8GkF
2801,AZaWJzic
2802,AZaWM4iD
2803,AZaWMIiD
2804,AZaWNEwl
2805,AZaWWsPv
2806,AZaWX_Tv
2807,AZaWnrUp
2808,AZaWshgl
2809,AZaa5siC
2810,AZaa9Y8O
2811,AZaaJWT0
2812,AZaaPJLv
2813,AZaaXwOc
2814,AZaa_C_c
2815,AZaa_K1G
2816,AZaa_O1p
2817,AZaabJCk
2818,AZaanUmo
2819,AZaaoCcH
2820,AZaastXc
2821,AZae-o5i
2822,AZaeFRta
2823,AZaePh69
2824,AZaePj16
2825,AZaeXZVp
2826,AZae_0t6
2827,AZaecOTC
2828,AZaeedeU
2829,AZaeeqQ_
2830,AZaef7V7
2831,AZaefrDC
2832,AZaek984
2833,AZai35-i
2834,AZai77TF
2835,AZaiG7ug
2836,AZaifuBu
2837,AZaiqE5S
2838,AZair13V
2839,AZaivjC1
2840,AZam-6Ew
2841,AZam3gXv
2842,AZam4cgW
2843,AZam7oYa
2844,AZamK1PX
2845,AZamcYZ_
2846,AZamn2Uj
2847,AZamnGpB
2848,AZapT10f
2849,AZaq6Kfy
2850,AZaqW2xt
2851,AZaqaB6-
2852,AZaqaPyP
2853,AZaqojTF
2854,AZaqp2aK
2855,AZau4LcC
2856,AZau4rqF
2857,AZau6cTE
2858,AZau8SQe
2859,AZauX5Qf
2860,AZau_t00
2861,AZaubfEN
2862,AZauqL06
2863,AZaurf9T
2864,AZay7D4k
2865,AZayO9ia
2866,AZayP1UH
2867,AZayZrR3
2868,AZay__Qs
2869,AZaybOq1
2870,AZaymYnB
2871,AZayoXAG
2872,AZayv69u
2873,AZb--E0o
2874,AZb-0aFq
2875,AZb-BLyl
2876,AZb-JRGN
2877,AZb-MCYc
2878,AZb-ToTd
2879,AZb-cflv
2880,AZb-fqOG
2881,AZb-hIG4
2882,AZb-iDE-
2883,AZb-tEE-
2884,AZb2_65_
2885,AZb2cYhC
2886,AZb2iTec
2887,AZb6DvbT
2888,AZb6_04v
2889,AZb6_aXd
2890,AZb6cjId
2891,AZb6eje6
2892,AZb6tcJc
2893,AZb6uADe
2894,AZb6uBEg
2895,AZb6w_sg
2896,AZb6ygoy
2897,AZbCNasp
2898,AZbCWfAe
2899,AZbC_AO1
2900,AZbC_kY5
2901,AZbCkwCl
2902,AZbCvFBh
2903,AZbGDELf
2904,AZbGQmfC
2905,AZbGXWoC
2906,AZbGbV7O
2907,AZbGeF7O
2908,AZbGedPb
2909,AZbGgg5p
2910,AZbGyJ8Q
2911,AZbK-Gv_
2912,AZbK9B-G
2913,AZbKCdDm
2914,AZbKE6sP
2915,AZbKxdnF
2916,AZbO-2tt
2917,AZbO0FC-
2918,AZbO2w_r
2919,AZbO5nxl
2920,AZbOAly0
2921,AZbOAyeN
2922,AZbODON2
2923,AZbOepoU
2924,AZbOhVVX
2925,AZbOnofC
2926,AZbOwdcL
2927,AZbS-lbv
2928,AZbSO_0P
2929,AZbSREnW
2930,AZbSVj8-
2931,AZbS_o0p
2932,AZbShoH0
2933,AZbW8nJb
2934,AZbWgCrb
2935,AZba5dX6
2936,AZbaMX3a
2937,AZbaQ4RP
2938,AZbaca-T
2939,AZbagev2
2940,AZbaioc1
2941,AZbatMQB
2942,AZbawwG3
2943,AZbe1VAA
2944,AZbeEKbJ
2945,AZbeKAyG
2946,AZbeRhB9
2947,AZbeUu7Y
2948,AZbed2Mf
2949,AZbef-0O
2950,AZbetDDx
2951,AZbevncc
2952,AZbi-sQj
2953,AZbi9Vy-
2954,AZbiAFLN
2955,AZbiNOdv
2956,AZbiNxiP
2957,AZbiOnwC
2958,AZbi_y-z
2959,AZbiloeR
2960,AZbiuikX
2961,AZbmUtyV
2962,AZbmctKA
2963,AZbmfvcC
2964,AZbmjp8m
2965,AZbmstEp
2966,AZbmxdRH
2967,AZbq9miM
2968,AZbqLOdZ
2969,AZbqQvPT
2970,AZbqSAUx
2971,AZbqfMG3
2972,AZbqnFoR
2973,AZbqtAFQ
2974,AZbquyAZ
2975,AZbt3kns
2976,AZbtIWPV
2977,AZbu-llY
2978,AZbu6BKn
2979,AZbuM7uJ
2980,AZbueq_Y
2981,AZbuiS9Z
2982,AZby35oM
2983,AZbyD6NY
2984,AZbyO-nS
2985,AZbySQxA
2986,AZbyVuoL
2987,AZbyXEES
2988,AZbyl1kz
2989,AZbyupyb
2990,AZbyvS92
2991,AZc-1Ut4
2992,AZc-4cwi
2993,AZc-Awkp
2994,AZc-BlYs
2995,AZc-J7cP
2996,AZc-QVMe
2997,AZc-WmF6
2998,AZc-foXK
2999,AZc-oSUe
3000,AZc-rdmM
3001,AZc2C3gh
3002,AZc2D-Si
3003,AZc2Dz4f
3004,AZc2Ekzv
3005,AZc2INxq
3006,AZc2SyoE
3007,AZc2VLSo
3008,AZc2jYF4
3009,AZc2n2mg
3010,AZc2oS3N
3011,AZc2pBNw
3012,AZc5L1Of
3013,AZc6AoUz
3014,AZc6QZQy
3015,AZc6hE5x
3016,AZcC4lIy
3017,AZcCDiZ6
3018,AZcCQ24c
3019,AZcCY_6H
3020,AZcCltlR
3021,AZcCyseb
3022,AZcG4H2D
3023,AZcGJIb8
3024,AZcGVW-u
3025,AZcGWXx9
3026,AZcGmDwi
3027,AZcGmQ7G
3028,AZcGwKwB
3029,AZcGyYmW
3030,AZcKAt5P
3031,AZcKE4O8
3032,AZcKH2iI
3033,AZcKlHDd
3034,AZcKmj5F
3035,AZcKmkSN
3036,AZcKzHfp
3037,AZcOCN_0
3038,AZcOUs3I
3039,AZcOinmV
3040,AZcOwWp-
3041,AZcOwnLD
3042,AZcSC48C
3043,AZcSDGZ4
3044,AZcSDHgo
3045,AZcSQ8oB
3046,AZcSVZpw
3047,AZcSk3OW
3048,AZcSrKaB
3049,AZcW2app
3050,AZcWAfPa
3051,AZcWC3ja
3052,AZcWCoMG
3053,AZcWRvww
3054,AZcWUmfr
3055,AZcWgmHh
3056,AZca0hzR
3057,AZca0wjP
3058,AZca29ot
3059,AZcaPwsn
3060,AZcaSKlS
3061,AZcaXd-m
3062,AZcagyyw
3063,AZcaxy9O
3064,AZcay019
3065,AZce1yqM
3066,AZceDRkE
3067,AZceDXmF
3068,AZceHGxD
3069,AZceHMo8
3070,AZceRFqn
3071,AZciF397
3072,AZciRHy3
3073,AZcihUGL
3074,AZciyj18
3075,AZcm4Wf5
3076,AZcmB-0A
3077,AZcmh8o1
3078,AZcmmY0U
3079,AZcmxmF0
3080,AZcmyXlh
3081,AZcq2BiV
3082,AZcqSuaT
3083,AZcqZ4mx
3084,AZcqnERv
3085,AZcqqCt2
3086,AZcu0n8_
3087,AZcu5bvU
3088,AZcuMTT1
3089,AZcuQvww
3090,AZcuUFSV
3091,AZcuY_0h
3092,AZcuqDfj
3093,AZcy3iac
3094,AZcyAiRI
3095,AZcyCegd
3096,AZcyDN6q
3097,AZcyFhIm
3098,AZcyig2k
3099,AZcykou2
3100,AZcyl_5K
3101,AZcylhTe
3102,AZd-2-JE
3103,AZd-Skdk
3104,AZd-TS_5
3105,AZd-efca
3106,AZd-pf8V
3107,AZd-qZLH
3108,AZd-wCVq
3109,AZd28Ddh
3110,AZd2HnIf
3111,AZd2WdDV
3112,AZd2cBkv
3113,AZd2f4Zb
3114,AZd2l8eU
3115,AZd2zC2i
3116,AZd64l6r
3117,AZd652y0
3118,AZd67KqI
3119,AZd6ntBW
3120,AZdC-O-F
3121,AZdC1CeI
3122,AZdCE7BF
3123,AZdCUhmG
3124,AZdCZNtk
3125,AZdCaJkZ
3126,AZdCnKHZ
3127,AZdCqJxT
3128,AZdCwA5v
3129,AZdG0oTg
3130,AZdG3jF2
3131,AZdGB1uG
3132,AZdGChV-
3133,AZdGH1dz
3134,AZdGKKJA
3135,AZdGYI17
3136,AZdK-ija
3137,AZdK5Xgh
3138,AZdK66a2
3139,AZdK91St
3140,AZdKM9mw
3141,AZdKZ-rs
3142,AZdKaXLX
3143,AZdKfGac
3144,AZdKjWYw
3145,AZdKjquD
3146,AZdKkX0Z
3147,AZdKll5G
3148,AZdKm4Yu
3149,AZdO0oGQ
3150,AZdO8rn5
3151,AZdOJhGp
3152,AZdOYdcZ
3153,AZdOYvBt
3154,AZdOZ6iC
3155,AZdOfKBr
3156,AZdOkRYv
3157,AZdOmlOk
3158,AZdOpy5U
3159,AZdS1fDf
3160,AZdS55cY
3161,AZdS9KNI
3162,AZdSSod4
3163,AZdSUFxa
3164,AZdSsk6T
3165,AZdStrNz
3166,AZdSx5rv
3167,AZdSyc3H
3168,AZdW7k4Y
3169,AZdWLIQZ
3170,AZdWLXER
3171,AZdWT_qp
3172,AZdWjB1q
3173,AZdWkngx
3174,AZdWn48C
3175,AZda-KAg
3176,AZdaEQ7p
3177,AZdaLUjx
3178,AZdalpjH
3179,AZdazl3t
3180,AZddi5OY
3181,AZde4oYs
3182,AZde7V1M
3183,AZde7Y3f
3184,AZdeELio
3185,AZdeFLnx
3186,AZdeJVCd
3187,AZdeYkTd
3188,AZden809
3189,AZdesDTv
3190,AZdhRiGl
3191,AZdi0JlT
3192,AZdiEjqI
3193,AZdiFT6C
3194,AZdiTlQy
3195,AZdiUacH
3196,AZdiUjIn
3197,AZdiUzF5
3198,AZdiW9j6
3199,AZdikjJK
3200,AZdm8GMF
3201,AZdmDkxB
3202,AZdmH3vO
3203,AZdmOjuy
3204,AZdmTRGf
3205,AZdmdwtH
3206,AZdmjEfL
3207,AZdmjFSh
3208,AZdmoP30
3209,AZdmp0F2
3210,AZdmpf2k
3211,AZdmzNY5
3212,AZdq6-jn
3213,AZdqE_py
3214,AZdqZYfs
3215,AZdq_Ozh
3216,AZdqptPp
3217,AZduCsmU
3218,AZduKabI
3219,AZduUCO-
3220,AZdumS--
3221,AZdy7sIm
3222,AZdyEyoN
3223,AZdyFDVX
3224,AZdyQY6H
3225,AZdyX-Af
3226,AZdyj6kM
3227,AZdynEpD
3228,AZe-3YFh
3229,AZe-6WkA
3230,AZe-J1hu
3231,AZe-W_ap
3232,AZe-og8m
3233,AZe23m1u
3234,AZe29p9A
3235,AZe2b1IF
3236,AZe2q-6I
3237,AZe2uDV-
3238,AZe2udx_
3239,AZe6-E3Y
3240,AZe684JK
3241,AZe6I7Cq
3242,AZe6Lfrt
3243,AZe6Objw
3244,AZe6_9n6
3245,AZe6_Th-
3246,AZe6roYq
3247,AZe6uN_m
3248,AZeCR65l
3249,AZeCVoyF
3250,AZeCoEGR
3251,AZeFrRSN
3252,AZeG9yNJ
3253,AZeGJka2
3254,AZeGK78l
3255,AZeGLnAj
3256,AZeGLqAR
3257,AZeGMrui
3258,AZeGdpYC
3259,AZeGp-fh
3260,AZeGrMvX
3261,AZeGrXj-
3262,AZeK3OWE
3263,AZeK4XYV
3264,AZeK9niQ
3265,AZeKc1MW
3266,AZeKcQ1c
3267,AZeKqQwW
3268,AZeKsWFV
3269,AZeKu9JV
3270,AZeKvsi_
3271,AZeOKqAg
3272,AZeOM_SX
3273,AZeOZOhU
3274,AZeO_6CD
3275,AZeObQwk
3276,AZeOcY0u
3277,AZeS-8bv
3278,AZeSH9m4
3279,AZeSXQ3l
3280,AZeSX_v3
3281,AZeSeG_c
3282,AZeSvWBn
3283,AZeW2Na4
3284,AZeW6nOe
3285,AZeW6zaY
3286,AZeWKl-0
3287,AZeWMSoB
3288,AZeWPpNc
3289,AZeWqs1W
3290,AZeWr_s-
3291,AZea4uhJ
3292,AZeaIx-q
3293,AZeaLu06
3294,AZeaOu2c
3295,AZee-wg_
3296,AZee5RpD
3297,AZee67-6
3298,AZee6l0B
3299,AZeeKDxI
3300,AZeeanEI
3301,AZeet-NT
3302,AZeeu_gC
3303,AZei5CMI
3304,AZeiHn8X
3305,AZeiIFIr
3306,AZeia6Nv
3307,AZeibfJK
3308,AZeio-A9
3309,AZeisdxP
3310,AZeisjnm
3311,AZemb5Z4
3312,AZemceF7
3313,AZemnJR5
3314,AZemp-h1
3315,AZemtLp0
3316,AZemvFeA
3317,AZeq7cdm
3318,AZeq9tA3
3319,AZeqOd4O
3320,AZeqPQXs
3321,AZeqb84w
3322,AZeqeKg2
3323,AZeu-10d
3324,AZeu9txW
3325,AZeub4l2
3326,AZeudJIP
3327,AZeueI27
3328,AZeuoHfC
3329,AZeusamN
3330,AZey13ux
3331,AZey6UXm
3332,AZeyYlzk
3333,AZeyb5w4
3334,AZeybieM
3335,AZeyvD-e
3336,AZf-6GdN
3337,AZf-7Nhr
3338,AZf-OIpc
3339,AZf-P-96
3340,AZf-ecsF
3341,AZf-viae
3342,AZf29haU
3343,AZf2uaEU
3344,AZf2v2Rv
3345,AZf6-HUo
3346,AZf69_qn
3347,AZf6Dtam
3348,AZf6NcSv
3349,AZf6NtY5
3350,AZf6_4lJ
3351,AZf6__F1
3352,AZf6cBtJ
3353,AZf6e9Xb
3354,AZf6je83
3355,AZf6uu_j
3356,AZf6yUxZ
3357,AZfC-Kk9
3358,AZfC7wMU
3359,AZfC93-_
3360,AZfCNgtZ
3361,AZfC_-he
3362,AZfCcARE
3363,AZfCeoIc
3364,AZfG8UGU
3365,AZfG8aJ8
3366,AZfG9gea
3367,AZfGOv9V
3368,AZfGfQ8v
3369,AZfGi0IW
3370,AZfGlZnG
3371,AZfJ2Zym
3372,AZfK8tLF
3373,AZfKCqyJ
3374,AZfKLjOJ
3375,AZfKOkQP
3376,AZfKQ_en
3377,AZfKQfSU
3378,AZfKTjpV
3379,AZfKgvD4
3380,AZfKt-on
3381,AZfKt9wA
3382,AZfKtCPw
3383,AZfKxtwP
3384,AZfO9fPN
3385,AZfONZek
3386,AZfOQqNx
3387,AZfObfyZ
3388,AZfOfZak
3389,AZfOnAWj
3390,AZfOsoxq
3391,AZfSOmqt
3392,AZfSPq5Q
3393,AZfSdXKE
3394,AZfSdc1t
3395,AZfSlB3T
3396,AZfSuJrc
3397,AZfWAv8T
3398,AZfWEuJi
3399,AZfWO_Cc
3400,AZfWP1Rl
3401,AZfWc8DU
3402,AZfWdzFM
3403,AZfWk3wE
3404,AZfWu_uv
3405,AZfWukoG
3406,AZfWwEcq
3407,AZfa-F7D
3408,AZfaK2s-
3409,AZfaNJS0
3410,AZfavbFP
3411,AZfay-8Q
3412,AZfe-MIL
3413,AZfe2dJB
3414,AZfe6yWZ
3415,AZfeMcBe
3416,AZfeO8xk
3417,AZfeON9I
3418,AZfePh-r
3419,AZfe_B3m
3420,AZfe_uWl
3421,AZfed_bB
3422,AZfesjhi
3423,AZfi5Qvv
3424,AZfi8XrP
3425,AZfi8uNu
3426,AZfi9Zr8
3427,AZfiPH_e
3428,AZfiSMeu
3429,AZfi_AVM
3430,AZfibNXn
3431,AZfidK00
3432,AZfidlNq
3433,AZfiiGyk
3434,AZfitF4t
3435,AZflHNJK
3436,AZfm-mUx
3437,AZfm8fxD
3438,AZfmOnMg
3439,AZfmTV4j
3440,AZfmZ_M8
3441,AZfm_DKP
3442,AZfm_tkT
3443,AZfmtwsm
3444,AZfpkLLJ
3445,AZfq0T-l
3446,AZfq97q8
3447,AZfqMwlA
3448,AZfqtLk2
3449,AZfqu5h6
3450,AZfquxEA
3451,AZfu8bPx
3452,AZfuATrx
3453,AZfuDGYY
3454,AZfuL_uO
3455,AZfuNmu3
3456,AZfucopA
3457,AZfujVqn
3458,AZfyD4uN
3459,AZfySs__
3460,AZfygQNi
3461,AZfyhtjp
3462,AZfytykn
3463,AZfyxBE1
3464,AZg-2GdJ
3465,AZg-C6uH
3466,AZg-DbQT
3467,AZg-DxdJ
3468,AZg-FNCt
3469,AZg-QK-1
3470,AZg-Td4D
3471,AZg-TfJD
3472,AZg-VS44
3473,AZg-jicY
3474,AZg-wrm2
3475,AZg-x_EU
3476,AZg-yFDC
3477,AZg20u7D
3478,AZg21tcD
3479,AZg2Kk6Q
3480,AZg2S5Lm
3481,AZg2XVcR
3482,AZg2axF6
3483,AZg2ffZo
3484,AZg2iWmT
3485,AZg2lrTR
3486,AZg2u5t3
3487,AZg2wGnd
3488,AZg62EVS
3489,AZg6Fe_H
3490,AZg6Ozlz
3491,AZg6RZa2
3492,AZg6UPaD
3493,AZg6VVy9
3494,AZg6mqtM
3495,AZg6yMC7
3496,AZg6z5j5
3497,AZgCC0Me
3498,AZgCC1wE
3499,AZgCClP1
3500,AZgCTx1o
3501,AZgCU5AI
3502,AZgCV9sO
3503,AZgCgaz1
3504,AZgCjt-I
3505,AZgCyDc4
3506,AZgGE_dZ
3507,AZgGPeHc
3508,AZgGQWB_
3509,AZgGaWPQ
3510,AZgGgb38
3511,AZgGhuxm
3512,AZgGjqer
3513,AZgGkrRI
3514,AZgGpvxU
3515,AZgK0U1j
3516,AZgK5Y0C
3517,AZgKD9eL
3518,AZgKGmIa
3519,AZgKH06D
3520,AZgKU7nh
3521,AZgKVDdi
3522,AZgKVNd6
3523,AZgKYA50
3524,AZgKhq7w
3525,AZgKk-Dz
3526,AZgKntlZ
3527,AZgKzW25
3528,AZgO2B_K
3529,AZgO2YLO
3530,AZgOBltP
3531,AZgOFhtK
3532,AZgOI1lW
3533,AZgOSXVf
3534,AZgOg5F9
3535,AZgOhy9P
3536,AZgOzSdD
3537,AZgOzZ-i
3538,AZgS3nUd
3539,AZgSGleT
3540,AZgSIj1S
3541,AZgSV3AV
3542,AZgSXcZH
3543,AZgSa2lZ
3544,AZgSlAf6
3545,AZgSwMKI
3546,AZgSwtZM
3547,AZgSzfDa
3548,AZgW0kAF
3549,AZgWA1cE
3550,AZgWC5rK
3551,AZgWE3Xk
3552,AZgWJA5i
3553,AZgWQXzx
3554,AZgWge3t
3555,AZgWhbP4
3556,AZgWhiaU
3557,AZgWonas
3558,AZgWonjq
3559,AZgWwVJB
3560,AZgWzsvr
3561,AZga1ZbE
3562,AZgaBGFK
3563,AZgaD7fy
3564,AZgaRD_r
3565,AZgaRko1
3566,AZgaWmgb
3567,AZgahpIA
3568,AZgahpcT
3569,AZge-HN-
3570,AZgeDA85
3571,AZgeFY6_
3572,AZgeWH3l
3573,AZgem3ED
3574,AZgetQER
3575,AZgeuO9f
3576,AZgey-ip
3577,AZgi-LAs
3578,AZgiA3uO
3579,AZgiAby-
3580,AZgiD7G5
3581,AZgiE52j
3582,AZgiHdYF
3583,AZgiSEYD
3584,AZgiStxa
3585,AZgiWxMi
3586,AZgiY0Ek
3587,AZgijzFM
3588,AZgikwud
3589,AZgioW6S
3590,AZgizs9-
3591,AZgm2K7n
3592,AZgm3g4I
3593,AZgmAHdo
3594,AZgmEHO5
3595,AZgmEgVJ
3596,AZgmRTHf
3597,AZgmTyvZ
3598,AZgmUIjJ
3599,AZgmUpAy
3600,AZgmjf0N
3601,AZgmjpA6
3602,AZgmliFv
3603,AZgmwaCA
3604,AZgmxXM1
3605,AZgq0PxK
3606,AZgq5vis
3607,AZgqBXs1
3608,AZgqCIS4
3609,AZgqCLQq
3610,AZgqCoeG
3611,AZgqQq8K
3612,AZgqR2nG
3613,AZgqSsR5
3614,AZgqVxkC
3615,AZgqWXw1
3616,AZgqgPYk
3617,AZgqgtSJ
3618,AZgqhRI_
3619,AZgqi_JI
3620,AZgqjdan
3621,AZgqxUPG
3622,AZgu0YgE
3623,AZguCuHn
3624,AZguIdkR
3625,AZguglzx
3626,AZgunDm5
3627,AZgy0kAz
3628,AZgy0vVp
3629,AZgyH1By
3630,AZgyRuiM
3631,AZgyVy8L
3632,AZgyWDZV
3633,AZgyXN3S
3634,AZgyg7HT
3635,AZgywCYp
3636,AZgyxKU0
3637,AZh-1bJg
3638,AZh-Axx7
3639,AZh-FS6F
3640,AZh-Ql0O
3641,AZh-hRKG
3642,AZh-iCxx
3643,AZh-jNcg
3644,AZh-ll0I
3645,AZh-mzXh
3646,AZh-npxr
3647,AZh22YQ-
3648,AZh22eSy
3649,AZh24pKJ
3650,AZh2BKw9
3651,AZh2CUxR
3652,AZh2CX_y
3653,AZh2Jy-l
3654,AZh2TOuI
3655,AZh2ljXP
3656,AZh2o_cS
3657,AZh2wdIC
3658,AZh2wnSr
3659,AZh64mqh
3660,AZh66kV7
3661,AZh6B895
3662,AZh6DGZ_
3663,AZh6Flfi
3664,AZh6GWRp
3665,AZh6I7Yl
3666,AZh6IUTC
3667,AZh6KJuw
3668,AZh6UZDe
3669,AZh6Un83
3670,AZh6VLJF
3671,AZh6VpAS
3672,AZh6YRQn
3673,AZh6b2Ce
3674,AZh6j9RY
3675,AZh6k564
3676,AZh6lzQO
3677,AZhC4Rpv
3678,AZhC81vF
3679,AZhCCcJe
3680,AZhCDmj3
3681,AZhCF9dN
3682,AZhCFmiT
3683,AZhCGBWS
3684,AZhCHwPT
3685,AZhCL7ND
3686,AZhCMSjV
3687,AZhCO8W1
3688,AZhCTgZ4
3689,AZhCYrHb
3690,AZhCesRv
3691,AZhClM8Q
3692,AZhCn0Dp
3693,AZhCopEY
3694,AZhCrsGA
3695,AZhG2G9b
3696,AZhGEHUC
3697,AZhGUw0s
3698,AZhGUwS3
3699,AZhGYIrL
3700,AZhGo2Gb
3701,AZhK4-7m
3702,AZhKER4H
3703,AZhKHR95
3704,AZhKVFDt
3705,AZhKYObo
3706,AZhKZMgH
3707,AZhKbu4d
3708,AZhKjwUO
3709,AZhKkYYd
3710,AZhKuSup
3711,AZhNdO_J
3712,AZhO35TM
3713,AZhO65bj
3714,AZhOCejq
3715,AZhOJAYF
3716,AZhOKxpZ
3717,AZhOLT52
3718,AZhOSAEJ
3719,AZhOTqNl
3720,AZhOczkA
3721,AZhOi-iA
3722,AZhOiyHU
3723,AZhOjvJ0
3724,AZhOnxWj
3725,AZhOuh07
3726,AZhOxEQP
3727,AZhOy_zH
3728,AZhS0Ej4
3729,AZhS1kSZ
3730,AZhS48hW
3731,AZhSCyi0
3732,AZhSE6sZ
3733,AZhSFTzW
3734,AZhSIFQk
3735,AZhSKhqn
3736,AZhSKjoL
3737,AZhSKyhG
3738,AZhSS4Ki
3739,AZhSbjmi
3740,AZhSctCN
3741,AZhSyoSF
3742,AZhW4MtF
3743,AZhW8iN5
3744,AZhWFys8
3745,AZhWQEdr
3746,AZhWTqHt
3747,AZhWabT0
3748,AZhWl_ij
3749,AZhWq9jx
3750,AZhWr85E
3751,AZhWsghX
3752,AZha3j6s
3753,AZha6scc
3754,AZhaF8Qd
3755,AZhaG4zS
3756,AZhaI1Hg
3757,AZhaWEz8
3758,AZhaY8oT
3759,AZhaYKIw
3760,AZhah2mf
3761,AZhajFxe
3762,AZhaw0dT
3763,AZhazqbP
3764,AZhe0lyb
3765,AZhe3iya
3766,AZheCRIK
3767,AZheCWCF
3768,AZheDsRQ
3769,AZheE4I8
3770,AZheFgkF
3771,AZheLuzN
3772,AZheOkWq
3773,AZheTQoy
3774,AZheVo30
3775,AZhe_Mts
3776,AZhehoAy
3777,AZheiFUL
3778,AZhekaZ1
3779,AZhenPyX
3780,AZhexq5t
3781,AZhexrrg
3782,AZhhh6Tz
3783,AZhi0btp
3784,AZhi12ez
3785,AZhi6AkV
3786,AZhi6dlo
3787,AZhi7Hfi
3788,AZhi85oK
3789,AZhiF6Wx
3790,AZhiJm97
3791,AZhiJrG4
3792,AZhiPjN-
3793,AZhiXJ9m
3794,AZhiYjTf
3795,AZhijeuZ
3796,AZhin3Q8
3797,AZhm0bMl
3798,AZhm6eIv
3799,AZhmDqCZ
3800,AZhmGY3c
3801,AZhmHnhJ
3802,AZhmKlHw
3803,AZhmKr25
3804,AZhmLSYv
3805,AZhmRaVW
3806,AZhmSdwX
3807,AZhmUoUr
3808,AZhmXhUM
3809,AZhmusou
3810,AZhmysFl
3811,AZhq2IUj
3812,AZhq4NDN
3813,AZhq4xDx
3814,AZhq6nTy
3815,AZhqCjHc
3816,AZhqJH8M
3817,AZhqMF8H
3818,AZhqOBU_
3819,AZhqOKYq
3820,AZhqOLv-
3821,AZhqRhq0
3822,AZhqVY6t
3823,AZhqZUl0
3824,AZhqa1-P
3825,AZhqcJAH
3826,AZhqdDGV
3827,AZhqdION
3828,AZhqhuaT
3829,AZhqpXVG
3830,AZhqseTP
3831,AZhtt060
3832,AZhu1Xpl
3833,AZhu29fs
3834,AZhu2M_r
3835,AZhu8R8_
3836,AZhuTPDe
3837,AZhuW5CW
3838,AZhuX3SU
3839,AZhuXomS
3840,AZhuYRSc
3841,AZhud1wP
3842,AZhug9FQ
3843,AZhuhnDq
3844,AZhuifwM
3845,AZhuilXp
3846,AZhuiype
3847,AZhujA3e
3848,AZhukT1o
3849,AZhurx3m
3850,AZhy4dsR
3851,AZhy4gIA
3852,AZhy7iE_
3853,AZhyF7U8
3854,AZhyGBnH
3855,AZhyXSnJ
3856,AZhyYiFi
3857,AZhyYjE4
3858,AZhyZymK
3859,AZhyf4v0
3860,AZhygz2r
3861,AZhyi6l7
3862,AZhyk9DM
3863,AZhyl6wm
3864,AZhyyJ55
3865,AZhyyhna
3866,AZi--EHT
3867,AZi-3Esx
3868,AZi-4ofA
3869,AZi-8vxn
3870,AZi-HUDV
3871,AZi-HrJM
3872,AZi-UF8K
3873,AZi-lefV
3874,AZi-p_xW
3875,AZi-su4P
3876,AZi-viet
3877,AZi2-LPG
3878,AZi28Kzk
3879,AZi28zR3
3880,AZi2IrpA
3881,AZi2Jymy
3882,AZi2N_d6
3883,AZi2Wrjm
3884,AZi2ZEkq
3885,AZi2l2t8
3886,AZi2os77
3887,AZi2qU7x
3888,AZi2v44h
3889,AZi66epR
3890,AZi67WYC
3891,AZi68ZwU
3892,AZi6PbVI
3893,AZi6XxS6
3894,AZi6cQtX
3895,AZi6cTcu
3896,AZi6emL5
3897,AZi6m00B
3898,AZi6mlXE
3899,AZiC-5oB
3900,AZiC5OFR
3901,AZiCGlWP
3902,AZiCIv9I
3903,AZiCJjSo
3904,AZiCJsy4
3905,AZiCL6_s
3906,AZiCWTSu
3907,AZiCX-Of
3908,AZiCoBI5
3909,AZiCtvSL
3910,AZiG-zun
3911,AZiG3nv8
3912,AZiGJzVT
3913,AZiGKsHF
3914,AZiGL_fS
3915,AZiGLzev
3916,AZiGnD3o
3917,AZiGnwc9
3918,AZiGs2I9
3919,AZiK-rT4
3920,AZiK82nB
3921,AZiK8kqM
3922,AZiKGB_2
3923,AZiKIcqa
3924,AZiKJt8z
3925,AZiKKYyU
3926,AZiKOKPS
3927,AZiKX5Dc
3928,AZiKYC9c
3929,AZiKZPbw
3930,AZiK_33N
3931,AZiKp9CL
3932,AZiKqzPi
3933,AZiKrIXl
3934,AZiO3Ocw
3935,AZiO7YAv
3936,AZiO9R3i
3937,AZiOLiUe
3938,AZiOM4tA
3939,AZiONnty
3940,AZiONscJ
3941,AZiOQOJ6
3942,AZiOay-v
3943,AZiOd7tu
3944,AZiOpfXL
3945,AZiOqgaA
3946,AZiOqovn
3947,AZiOtqlI
3948,AZiS5qTC
3949,AZiS8DOC
3950,AZiSHIc3
3951,AZiSHP8P
3952,AZiSM29e
3953,AZiSNNT1
3954,AZiSPPTd
3955,AZiSTknb
3956,AZiSXF-w
3957,AZiSXzf5
3958,AZiSY77o
3959,AZiSYDsQ
3960,AZiSbz-F
3961,AZiSdWz9
3962,AZiSnJW4
3963,AZiSnM_C
3964,AZiSo520
3965,AZiSpuhM
3966,AZiSqW1C
3967,AZiSsmfJ
3968,AZiSso9S
3969,AZiSu45g
3970,AZiSufZD
3971,AZiW4p0U
3972,AZiW6BGM
3973,AZiW7Zi4
3974,AZiW9qj4
3975,AZiWK8pd
3976,AZiWKg7o
3977,AZiWTpC3
3978,AZiWdNz-
3979,AZiWdyTU
3980,AZiWr-8d
3981,AZiWsHy7
3982,AZiWt3Hv
3983,AZia2IC-
3984,AZia4-bn
3985,AZia8iz1
3986,AZiaKhXX
3987,AZiaMEAJ
3988,AZiaYNyS
3989,AZiaayRE
3990,AZiaeYA6
3991,AZiagP1G
3992,AZianPjR
3993,AZiau9RI
3994,AZie2Uum
3995,AZie3Axx
3996,AZie4gAS
3997,AZie71TV
3998,AZie7WJ4
3999,AZie7vEP
4000,AZie9Gdo
4001,AZiea62s
4002,AZieaBjA
4003,AZieaY_6
4004,AZieadEU
4005,AZiean1P
4006,AZiecw7S
4007,AZiedT5G
4008,AZieeb36
4009,AZieonZD
4010,AZiesZaw
4011,AZii8L_9
4012,AZiiG3Bd
4013,AZiiNaaK
4014,AZiiNsXc
4015,AZiiPFa7
4016,AZiiP__E
4017,AZiiWskD
4018,AZiiXprw
4019,AZiinFA3
4020,AZiinngm
4021,AZiiriQZ
4022,AZiiroUU
4023,AZim78l-
4024,AZim7Eu5
4025,AZim8pJf
4026,AZimYP-j
4027,AZim_g0E
4028,AZimndvD
4029,AZimnx1C
4030,AZimqHWz
4031,AZimr7v6
4032,AZimtqIz
4033,AZimuPqw
4034,AZimvZZ2
4035,AZiq3D4e
4036,AZiq6Rkt
4037,AZiqGDoz
4038,AZiqHzJZ
4039,AZiqIlIr
4040,AZiqIunA
4041,AZiqOO0j
4042,AZiqQXuW
4043,AZiqacGR
4044,AZiqd3fE
4045,AZiqmOBZ
4046,AZiqmRvT
4047,AZiqs7Hd
4048,AZiqt7i3
4049,AZiqtptx
4050,AZiu3bvI
4051,AZiuKfKT
4052,AZiuLyw3
4053,AZiuLzwG
4054,AZiunY_T
4055,AZiuncom
4056,AZiuqwLd
4057,AZiuso_F
4058,AZiy-5cA
4059,AZiy0Ne0
4060,AZiy6cGx
4061,AZiyI6Vc
4062,AZiyIZWC
4063,AZiyOVk1
4064,AZiyZvfb
4065,AZiyaL7y
4066,AZiylEBE
4067,AZiymeID
4068,AZiynwhN
4069,AZj-74te
4070,AZj-7iPj
4071,AZj-Arpz
4072,AZj-fT6C
4073,AZj-tRrH
4074,AZj-tpgs
4075,AZj-wgLC
4076,AZj26Jm6
4077,AZj27Y6y
4078,AZj2ALPR
4079,AZj2CoPM
4080,AZj2IxWU
4081,AZj2LPBA
4082,AZj2LwGU
4083,AZj2cvPf
4084,AZj2d6qP
4085,AZj2dvqx
4086,AZj2gKRf
4087,AZj2pM54
4088,AZj2reJS
4089,AZj2rmY1
4090,AZj2t9FT
4091,AZj2u8j2
4092,AZj2wKBj
4093,AZj6AlPV
4094,AZj6K3bt
4095,AZj6NRq6
4096,AZj6OO53
4097,AZj6QDEZ
4098,AZj6ZUm9
4099,AZj6aKsZ
4100,AZj6cuo3
4101,AZj6dwvd
4102,AZj6fW71
4103,AZj6fcaK
4104,AZj6hg2c
4105,AZj6tVnX
4106,AZjC-8Tv
4107,AZjC-oew
4108,AZjC1haB
4109,AZjC6_cL
4110,AZjC9Mpb
4111,AZjCB5bf
4112,AZjCFLpU
4113,AZjCH7Ti
4114,AZjCLUBh
4115,AZjCRXSl
4116,AZjCW79O
4117,AZjC_i6c
4118,AZjCa1bg
4119,AZjCeiuP
4120,AZjCrRsd
4121,AZjCuwOY
4122,AZjCyIiA
4123,AZjG6OuB
4124,AZjGLGKc
4125,AZjGN4Qn
4126,AZjGQA7a
4127,AZjG_hV-
4128,AZjGct75
4129,AZjGlWkn
4130,AZjGsXMt
4131,AZjK9GJF
4132,AZjKP9rd
4133,AZjK_v_S
4134,AZjKdQUZ
4135,AZjKsEB5
4136,AZjO-xhh
4137,AZjO6ULW
4138,AZjO7KVH
4139,AZjO8K1o
4140,AZjO9oqn
4141,AZjOOMsY
4142,AZjOc5JO
4143,AZjOcA30
4144,AZjOcPOU
4145,AZjOd1xE
4146,AZjOeBRm
4147,AZjOtR-B
4148,AZjOuvD9
4149,AZjOvHjW
4150,AZjS7Bdh
4151,AZjS9JoV
4152,AZjSB_Gq
4153,AZjSEhsn
4154,AZjSKEs4
4155,AZjSdgiQ
4156,AZjSdsy6
4157,AZjSekRr
4158,AZjSfl-7
4159,AZjSuZZb
4160,AZjSwHa8
4161,AZjSzKPr
4162,AZjW8mtb
4163,AZjWL-Z5
4164,AZjWd52M
4165,AZjWfYTt
4166,AZjWjC39
4167,AZjWt-Lg
4168,AZjWt3Vs
4169,AZjWxj58
4170,AZjWyzGr
4171,AZjaB9Iy
4172,AZjaNeYu
4173,AZjaOc_U
4174,AZjaPnpl
4175,AZjaRgzN
4176,AZjablxh
4177,AZjasiBw
4178,AZjatLoa
4179,AZjavIAz
4180,AZjavNv7
4181,AZje-W_7
4182,AZje70UR
4183,AZje8s3o
4184,AZje9Voa
4185,AZjeCUet
4186,AZjeMbUY
4187,AZjeMev1
4188,AZjeNxu2
4189,AZjeOqQw
4190,AZjeRO06
4191,AZjeToWg
4192,AZjeeLqs
4193,AZjeefTL
4194,AZjetD0Q
4195,AZjetJfg
4196,AZjex6Cz
4197,AZji6-ja
4198,AZji82HK
4199,AZjiLb8t
4200,AZjiOYfc
4201,AZjiaLE_
4202,AZjisaXF
4203,AZjiuVRq
4204,AZjivugO
4205,AZjiwCEW
4206,AZjiwuGy
4207,AZjiyd25
4208,AZjl7RsM
4209,AZjm-G05
4210,AZjm9iA3
4211,AZjmM3oJ
4212,AZjmMtNe
4213,AZjmNb4H
4214,AZjm_B87
4215,AZjmd-Pa
4216,AZjmdpZp
4217,AZjme03N
4218,AZjmfqzj
4219,AZjmftE2
4220,AZjp2iDl
4221,AZjq7j_n
4222,AZjqCacQ
4223,AZjqF3hL
4224,AZjqPjSS
4225,AZjqdms0
4226,AZjqesvH
4227,AZjqgPEi
4228,AZjqsIpB
4229,AZjqsyxm
4230,AZjquBEK
4231,AZjqwOfl
4232,AZju--iq
4233,AZju-QMa
4234,AZju457A
4235,AZju8oiC
4236,AZjuBR1k
4237,AZjuCGrz
4238,AZjuE2Kw
4239,AZjuLUw9
4240,AZjuN_xv
4241,AZjuRsbO
4242,AZjucuvq
4243,AZjujvXC
4244,AZjy-1rB
4245,AZjyM1Bl
4246,AZjyM1N3
4247,AZjyQtCZ
4248,AZjy_kLp
4249,AZjybY8f
4250,AZjye3ED
4251,AZjyfCeL
4252,AZjyg8FO
4253,AZjygk-J
4254,AZk-0MC5
4255,AZk-16PI
4256,AZk-1dtG
4257,AZk-2lU2
4258,AZk-B09W
4259,AZk-Fo9d
4260,AZk-qpon
4261,AZk-vEpv
4262,AZk-viYG
4263,AZk1PAQT
4264,AZk25qKM
4265,AZk2CKUK
4266,AZk2Dgun
4267,AZk2GcOR
4268,AZk2SWpm
4269,AZk2T8YM
4270,AZk2UCC4
4271,AZk2XEEW
4272,AZk2jn6a
4273,AZk2y4mL
4274,AZk60KgD
4275,AZk62COF
4276,AZk6G5iH
4277,AZk6NV8W
4278,AZk6Pgzf
4279,AZk6Sg6k
4280,AZk6Zr1z
4281,AZk6x8Yq
4282,AZk6xyqe
4283,AZk6yoHW
4284,AZk9Z6A4
4285,AZkC27_r
4286,AZkCCkn0
4287,AZkCCnYT
4288,AZkClSJz
4289,AZkCwLjh
4290,AZkCyOpz
4291,AZkCz9dB
4292,AZkG5O9D
4293,AZkGCNhX
4294,AZkGDbUj
4295,AZkGQd7K
4296,AZkGSeyx
4297,AZkGpHJ_
4298,AZkGw7n-
4299,AZkGwfI-
4300,AZkGxqVu
4301,AZkK14CO
4302,AZkK2z6E
4303,AZkKArcG
4304,AZkKArd-
4305,AZkKEufT
4306,AZkKTzq1
4307,AZkKW9Cz
4308,AZkKYocI
4309,AZkKZfzy
4310,AZkKfNA5
4311,AZkKkGS_
4312,AZkKl8hd
4313,AZkKwstf
4314,AZkKy8E-
4315,AZkKycxO
4316,AZkOR-aJ
4317,AZkORAFb
4318,AZkOTL7L
4319,AZkOVe4F
4320,AZkOhsh1
4321,AZkOwGp3
4322,AZkS1IvC
4323,AZkSA1jd
4324,AZkSAUp9
4325,AZkSBRxM
4326,AZkSFf2W
4327,AZkSGSd-
4328,AZkSGmCg
4329,AZkSP44Y
4330,AZkSSPS4
4331,AZkSlYeh
4332,AZkSmTvF
4333,AZkSmr-_
4334,AZkSn4iB
4335,AZkWCxQ9
4336,AZkWXmpo
4337,AZkWhM4q
4338,AZkWi2w6
4339,AZkWmd9m
4340,AZkWmzZk
4341,AZkWokhO
4342,AZkWuaRp
4343,AZkWwAfR
4344,AZkaA_k6
4345,AZkaBSI4
4346,AZkaVP53
4347,AZkadNtF
4348,AZkan7nu
4349,AZkanDGr
4350,AZkat2No
4351,AZke1d9O
4352,AZke3ndJ
4353,AZke4wvr
4354,AZkeFou3
4355,AZkeRf-F
4356,AZkeUOZZ
4357,AZkeVFMn
4358,AZkehEo7
4359,AZkeitmz
4360,AZkiHHZf
4361,AZkiRYpG
4362,AZkiVaqS
4363,AZkiXZ3J
4364,AZki_gH2
4365,AZkifPDN
4366,AZkij4L-
4367,AZkil7Mc
4368,AZkimC8s
4369,AZkiw5sT
4370,AZkiwG1E
4371,AZkixqd6
4372,AZkiy_lt
4373,AZkiz1i6
4374,AZkizmby
4375,AZkizvFa
4376,AZklP8vO
4377,AZkm1YTD
4378,AZkmAPBE
4379,AZkmPbz-
4380,AZkmR9cd
4381,AZkmSAGF
4382,AZkmTt6Y
4383,AZkm_K6e
4384,AZkmieHo
4385,AZkmjPyt
4386,AZkmmcv8
4387,AZkmp_AS
4388,AZkmwcW8
4389,AZkmzP2F
4390,AZkq2iRJ
4391,AZkq5wdw
4392,AZkqAmtF
4393,AZkqEb8o
4394,AZkqHW8K
4395,AZkqVHY5
4396,AZkqivc5
4397,AZku4IJ8
4398,AZku4ULB
4399,AZkuRk7A
4400,AZkuTUas
4401,AZkuUX3T
4402,AZkufh3V
4403,AZkufp8h
4404,AZkui7rU
4405,AZkujIr0
4406,AZkukbKF
4407,AZkuvzyq
4408,AZkuyxmr
4409,AZky1aPe
4410,AZkyDmI3
4411,AZkyEN_B
4412,AZkyRnuk
4413,AZkyT5Ko
4414,AZkyiWv-
4415,AZkywXCB
4416,AZkyzbWy
4417,AZl-0F2e
4418,AZl-2bpR
4419,AZl-AJma
4420,AZl-BsRc
4421,AZl-D8Zt
4422,AZl-DdGr
4423,AZl-Ej1i
4424,AZl-Hzj0
4425,AZl-IZDz
4426,AZl-PNo0
4427,AZl-Q4hj
4428,AZl-RCKF
4429,AZl-RNkB
4430,AZl-SqtM
4431,AZl-Y39y
4432,AZl-Z41l
4433,AZl-aV_d
4434,AZl-bSCk
4435,AZl-cRpY
4436,AZl-ht40
4437,AZl-j9ET
4438,AZl-jJjc
4439,AZl-pv7G
4440,AZl-urAM
4441,AZl-xfc5
4442,AZl2-v8x
4443,AZl2443B
4444,AZl24exM
4445,AZl2DS_e
4446,AZl2GACm
4447,AZl2ZmRO
4448,AZl2cpJR
4449,AZl2gYJc
4450,AZl2yGZT
4451,AZl2yXaL
4452,AZl2ykOh
4453,AZl2zG-N
4454,AZl2zhT4
4455,AZl62OJQ
4456,AZl64QVl
4457,AZl6CfjT
4458,AZl6Co6V
4459,AZl6ET0F
4460,AZl6II8x
4461,AZl6IfjH
4462,AZl6SlbZ
4463,AZl6TLxv
4464,AZl6dnpO
4465,AZl6hf8Z
4466,AZl6m94o
4467,AZl6oVOw
4468,AZl6q8dY
4469,AZl6rt2x
4470,AZl6xTo-
4471,AZl6yVlg
4472,AZl6yhMI
4473,AZl6yluN
4474,AZl6zkKL
4475,AZlC1-v7
4476,AZlCSxgP
4477,AZlCVbp5
4478,AZlCXi3G
4479,AZlCYjYa
4480,AZlC_Bjv
4481,AZlCa31v
4482,AZlCaLw8
4483,AZlCiT6f
4484,AZlCj9Ex
4485,AZlCjIln
4486,AZlCjKps
4487,AZlCnHab
4488,AZlCxp0Y
4489,AZlG0VmL
4490,AZlG2R6J
4491,AZlG3cl1
4492,AZlGA7xw
4493,AZlGDVaD
4494,AZlGXl58
4495,AZlGYLqa
4496,AZlGZWHy
4497,AZlG_Pwh
4498,AZlGcWRG
4499,AZlGiqYZ
4500,AZlGlx1e
4501,AZlGmYyA
4502,AZlGmZ1s
4503,AZlGuxpV
4504,AZlK1xuh
4505,AZlKFagO
4506,AZlKUCNT
4507,AZlKWfJG
4508,AZlKY_4z
4509,AZlKbQvf
4510,AZlKl-k3
4511,AZlKsYBf
4512,AZlKsoOn
4513,AZlKw-Lc
4514,AZlKwquy
4515,AZlKxSFL
4516,AZlKytDZ
4517,AZlO81k-
4518,AZlOBFQG
4519,AZlOD9LQ
4520,AZlOKQOl
4521,AZlORZ7V
4522,AZlOSpdL
4523,AZlOVqse
4524,AZlOZBJ5
4525,AZlOZVHa
4526,AZlOa9V5
4527,AZlOjWjp
4528,AZlOjqiQ
4529,AZlOlprH
4530,AZlOtBJN
4531,AZlOyKDv
4532,AZlOyTqz
4533,AZlS3Dua
4534,AZlSCqZw
4535,AZlSHn_l
4536,AZlSIBI2
4537,AZlSK-s2
4538,AZlSKaEP
4539,AZlSam0Y
4540,AZlSczzb
4541,AZlSdX6y
4542,AZlSkvkR
4543,AZlSmv6a
4544,AZlSth72
4545,AZlSub_j
4546,AZlW2TV5
4547,AZlW2xk-
4548,AZlW5-ZG
4549,AZlW5dcc
4550,AZlWFgyl
4551,AZlWFijp
4552,AZlWGt0H
4553,AZlWHIKj
4554,AZlWJzkj
4555,AZlWOmdD
4556,AZlWTJN9
4557,AZlWWkAX
4558,AZlWgdhb
4559,AZlWin8G
4560,AZlWk8hL
4561,AZlWoBgv
4562,AZlWxiO2
4563,AZlWyCMz
4564,AZla0RbB
4565,AZla1fFF
4566,AZla2nnV
4567,AZla58dc
4568,AZlaAQip
4569,AZlaCbr1
4570,AZlaDqxw
4571,AZlaSgul
4572,AZlaTSe1
4573,AZlaZadh
4574,AZlaabTV
4575,AZlad_ay
4576,AZlalvWR
4577,AZlamdKz
4578,AZlazMZE
4579,AZleArC8
4580,AZleCGJe
4581,AZleCtxw
4582,AZleFzTR
4583,AZleG_Pg
4584,AZleJ4LO
4585,AZleLjZU
4586,AZleSVQX
4587,AZleTNyr
4588,AZleWY5w
4589,AZleYYSB
4590,AZleZluQ
4591,AZledIwr
4592,AZleejkX
4593,AZleiEYt
4594,AZleiFH0
4595,AZlemLT2
4596,AZlemMpJ
4597,AZleyBG9
4598,AZleyn4G
4599,AZli3j-H
4600,AZli5mfa
4601,AZli76m5
4602,AZli8VBL
4603,AZliAUL1
4604,AZliDUig
4605,AZliHWss
4606,AZliJTU9
4607,AZliPVZE
4608,AZliVK9n
4609,AZliVxXg
4610,AZliiwe3
4611,AZlinjZs
4612,AZlipNa0
4613,AZliuBHz
4614,AZlixmxg
4615,AZliywu9
4616,AZlm0HFr
4617,AZlm0gRT
4618,AZlm2uDv
4619,AZlm4inu
4620,AZlmD31R
4621,AZlmDlhl
4622,AZlmGxJ1
4623,AZlmTyJd
4624,AZlmgevH
4625,AZlmjDcE
4626,AZlmnt5o
4627,AZlmpTkQ
4628,AZlq1JaP
4629,AZlq43XS
4630,AZlqCCHi
4631,AZlqCMcI
4632,AZlqJnfq
4633,AZlqJwxY
4634,AZlqKS_r
4635,AZlqRmeS
4636,AZlqUIFY
4637,AZlqYAqO
4638,AZlqa6kB
4639,AZlqatE6
4640,AZlqbfEF
4641,AZlqhk3G
4642,AZlqiOAe
4643,AZlqih5b
4644,AZlqjzur
4645,AZlqmCCC
4646,AZlqqtba
4647,AZlqskZ8
4648,AZlqw9V1
4649,AZlqyrND
4650,AZlu5RvX
4651,AZlu8_hd
4652,AZluBLgM
4653,AZluCE0_
4654,AZluCdEL
4655,AZluFfHr
4656,AZluJG51
4657,AZluNj-5
4658,AZluS8-1
4659,AZluWJmQ
4660,AZluXHGx
4661,AZlubDSL
4662,AZluhDgi
4663,AZluo4Nq
4664,AZly2CES
4665,AZly3QE0
4666,AZly4SsN
4667,AZly4dys
4668,AZly4q56
4669,AZlyDYMk
4670,AZlyEYRJ
4671,AZlyEcds
4672,AZlyJfgT
4673,AZlySFbb
4674,AZlyT78K
4675,AZlyVgcg
4676,AZlyViaN
4677,AZlyVntL
4678,AZlyhNI3
4679,AZlyhutm
4680,AZlyiEQy
4681,AZlykQnL
4682,AZlys7mx
4683,AZlyyn94
4684,AZlyz-zH
4685,AZm-2NXU
4686,AZm-2NrD
4687,AZm-3e8N
4688,AZm-HUFW
4689,AZm-IdaM
4690,AZm-X7dy
4691,AZm-oNqS
4692,AZm-ps_Z
4693,AZm-pwqK
4694,AZm1gdkc
4695,AZm2El55
4696,AZm2EsD9
4697,AZm2Hr0R
4698,AZm2Hyh7
4699,AZm2J5gC
4700,AZm2UV5h
4701,AZm2VCMA
4702,AZm2VDGV
4703,AZm2Z3Np
4704,AZm2mTDR
4705,AZm6Ga6R
4706,AZm6HhUN
4707,AZm6ILG1
4708,AZm6VWQv
4709,AZm6Vpu1
4710,AZm6n2ff
4711,AZm6pQO4
4712,AZmC65Ji
4713,AZmCWe3Q
4714,AZmCXM8U
4715,AZmCZerI
4716,AZmCndEe
4717,AZmCqBYC
4718,AZmG1ltH
4719,AZmG3Isa
4720,AZmG64Mr
4721,AZmGISa7
4722,AZmGUzh2
4723,AZmGXyJ3
4724,AZmGZ2MV
4725,AZmGoPnD
4726,AZmK59zR
4727,AZmK5eU1
4728,AZmK5hSn
4729,AZmK5mPT
4730,AZmK6Sgl
4731,AZmKJB3g
4732,AZmKKQho
4733,AZmKKoYX
4734,AZmKXX5o
4735,AZmKY8jP
4736,AZmKoEKZ
4737,AZmNEEzS
4738,AZmO2NEI
4739,AZmO5kMV
4740,AZmOE2KZ
4741,AZmOGBmD
4742,AZmOGJuy
4743,AZmOX7sG
4744,AZmOmB_k
4745,AZmOxthC
4746,AZmS24dr
4747,AZmS3_9_
4748,AZmS5keL
4749,AZmSQSYq
4750,AZmSoARu
4751,AZmWGL0E
4752,AZmWI1SN
4753,AZmWJp1X
4754,AZmWTt41
4755,AZmWV1OG
4756,AZmWWkmg
4757,AZmZAifv
4758,AZma19Wm
4759,AZma53lw
4760,AZma5Bo_
4761,AZmaF8go
4762,AZmaICV4
4763,AZmaVbOs
4764,AZmaZiDt
4765,AZmeFOSO
4766,AZmeG5Jv
4767,AZmemolW
4768,AZmenMmB
4769,AZmenSkq
4770,AZmi3Yzl
4771,AZmiZTPs
4772,AZmiZc3N
4773,AZmim8bN
4774,AZmioCQK
4775,AZmiofLu
4776,AZmipkU7
4777,AZmm4b5f
4778,AZmm5CIq
4779,AZmm5EjB
4780,AZmmFt-i
4781,AZmmHcn8
4782,AZmmUpvX
4783,AZmmmdSt
4784,AZmmph6H
4785,AZmqU0-v
4786,AZmqW4eP
4787,AZmqWRsK
4788,AZmqYbla
4789,AZmqYmgH
4790,AZmqlKMF
4791,AZmqmUzL
4792,AZmqpp9d
4793,AZmqzpBS
4794,AZmu1aQi
4795,AZmu3yNK
4796,AZmu4CMr
4797,AZmuGeAP
4798,AZmuVtrg
4799,AZmuYfnt
4800,AZmy4OQN
4801,AZmy4pHn
4802,AZmyIQhH
4803,AZmyU6_o
4804,AZmyWvAb
4805,AZmyYMFa
4806,AZmykRAO
4807,AZnFki09
4808,AZnJErOe
4809,AZnxoCdP
4810,AZo5eybI
4811,AZohHQlf
4812,AZotWf5_
4813,AZpJaBR5
4814,AZppxWfT
4815,AZptNqW-
4816,AZptbQhT
4817,AZqxW-Mn
4818,AZrlVUum
4819,AZrpJUHZ
4820,AZsFH5f6
4821,AZsde89Q
4822,AZt1wPsW
4823,AZtd7Jyl
4824,AZuJRio2
4825,AZuNxckW
4826,AZuZBrnO
4827,AZutzKY7
4828,AZwRu9o4
4829,AZwt6Eu4
4830,AZx5Skin
4831,AZx8QqF6
4832,AZxJL_dq
4833,AZxJqZSL
4834,AZxRqzmW
4835,AZxVpze4
4836,AZxZOKu8
4837,AZxpZzDi
4838,AZxsi_ns
4839,AZy4JhH7
4840,AZy5hdE1
4841,AZy8GYdE
4842,AZy9RjPY
4843,AZyFQs-S
4844,AZycHcEa
4845,AZykkG-U
4846,AZzNI4q-
4847,AZzNmNua
4848,AZzNmdXM
4849,AZzViKlk
4850,AZzx2Fla
4851,gYSxHNSm
4852,gYbroMIr
4853,wY3Pg_63
4854,wY5Qj08t
4855,wYCbJmVS
4856,wYL3qXDZ
4857,wYLLqu53
4858,wYLYF5UE
4859,wYLbrQwF
4860,wYQNfbw5
4861,wYR_Crtk
4862,wYWLCkhA
4863,wYXD3ZN-
4864,wYYHPTPM
4865,wYYj81pk
4866,wYa3S419
4867,wYdNQI_T
4868,wYdwXuT7
4869,wYe_yAS2
4870,wYizBn0P
4871,wYzfzRaN
